rank_match,rank_prevention,protocol_slug,protocol_name,defillama_url,category,chains,tvl_usd,family_id,MATCH_SCORE,EVIDENCE_CONFIDENCE,PREVENTION_SCORE,EXPOSURE_INDEX,FAMILY_RECENCY_FACTOR,RECURRENCE_MULTIPLIER,evidence_level,preconditions_present,preconditions_unknown,guards_searched,guards_found,prior_art_status,in_final_20,deprecated,forked_from,adapter_status
1,5,sumer.money,Sumer.money,https://defillama.com/protocol/sumer.money,Lending,Berachain|CORE|Meter|Arbitrum|Goat|Base,1222366.49,ACC-DONATION-UNACCOUNTED-BALANCE,100.0,89.0,52.452,0.6087,0.9221,1.05,L4_GUARD_REVIEW,rate_reads_raw_balance|unprivileged_inbound_transfer_possible|inflated_rate_consumed_by_value_decision|third_party_claims_exposed,,internal_cash_counter|exchange_rate_change_cap|supply_cap_binds_rate,,KNOWN_ISSUE_DEPLOYMENT_STATUS_UNKNOWN,YES,False,Compound V2,READ_VIA_REGISTRY
2,2,flux-finance,Flux Finance,https://defillama.com/protocol/flux-finance,Lending,Ethereum,44535721.67,ACC-DONATION-UNACCOUNTED-BALANCE,90.0,89.0,59.786,0.7709,0.9221,1.05,L4_GUARD_REVIEW,rate_reads_raw_balance|unprivileged_inbound_transfer_possible|inflated_rate_consumed_by_value_decision|third_party_claims_exposed,,internal_cash_counter|exchange_rate_change_cap|supply_cap_binds_rate|kyc_permissioned_transfer_restriction_on_some_markets,kyc_permissioned_transfer_restriction_on_some_markets,SIMILAR_ISSUE_ALREADY_REPORTED,NO,False,Compound V2,READ_VIA_REGISTRY
3,1,flux-finance,Flux Finance,https://defillama.com/protocol/flux-finance,Lending,Ethereum,44535721.67,ORACLE-SPOT-THIN-LIQUIDITY,77.3,89.0,62.932,0.7709,0.9884,1.2,L4_GUARD_REVIEW,value_decision_reads_configured_feed|live_positions_exposed|single_or_undeclared_oracle,feed_selection_is_configuration|failure_path_returns_usable_number,staleness_check_reverts|deviation_bound_vs_independent_source|caps_sized_to_venue_depth,,KNOWN_ISSUE_DEPLOYMENT_STATUS_UNKNOWN,YES,False,Compound V2,READ_VIA_REGISTRY
4,3,flux-finance,Flux Finance,https://defillama.com/protocol/flux-finance,Lending,Ethereum,44535721.67,ORACLE-STALE-OR-SILENT-FALLBACK,77.3,89.0,57.985,0.7709,0.9503,1.15,L4_GUARD_REVIEW,value_decision_reads_configured_feed|live_positions_exposed|single_or_undeclared_oracle,feed_selection_is_configuration|failure_path_returns_usable_number,staleness_check_reverts|deviation_bound_vs_independent_source|caps_sized_to_venue_depth,,KNOWN_ISSUE_DEPLOYMENT_STATUS_UNKNOWN,NO,False,Compound V2,READ_VIA_REGISTRY
5,4,flux-finance,Flux Finance,https://defillama.com/protocol/flux-finance,Lending,Ethereum,44535721.67,LIQUIDATION-ON-MANIPULABLE-VALUATION,77.3,89.0,55.364,0.7709,0.9486,1.1,L4_GUARD_REVIEW,value_decision_reads_configured_feed|live_positions_exposed|single_or_undeclared_oracle,feed_selection_is_configuration|failure_path_returns_usable_number,staleness_check_reverts|deviation_bound_vs_independent_source|caps_sized_to_venue_depth,,KNOWN_ISSUE_DEPLOYMENT_STATUS_UNKNOWN,NO,False,Compound V2,READ_VIA_REGISTRY
6,8,saddle-finance,Saddle Finance,https://defillama.com/protocol/saddle-finance,Dexs,Ethereum|Arbitrum|Optimism|Aurora|Fantom|Evmos,945996.78,UPGRADE-OLD-DEPLOYMENT-LIVE-AUTHORITY,75.0,75.0,36.292,0.6037,0.8906,1.2,L3_STATE,prior_version_still_callable|unmaintained_or_differing_code_path|still_holds_value_or_authority,not_paused,paused_and_drained|approvals_revoked,,KNOWN_FIX_DEPLOYED,YES,True,,READ
7,17,morpho-optimizer-aavev2,Morpho Optimizer AaveV2,https://defillama.com/protocol/morpho-optimizer-aavev2,Lending,Ethereum,138237.07,UPGRADE-OLD-DEPLOYMENT-LIVE-AUTHORITY,75.0,75.0,30.905,0.5141,0.8906,1.2,L3_STATE,prior_version_still_callable|unmaintained_or_differing_code_path|still_holds_value_or_authority,not_paused,paused_and_drained|approvals_revoked,,PRIOR_ART_SEARCH_INCOMPLETE,YES,True,,READ
8,14,grove-finance,Grove Finance,https://defillama.com/protocol/grove-finance,Onchain Capital Allocator,Ethereum|Base|Avalanche|Plume Mainnet,2387522579.17,UPGRADE-INITIALIZER-REACHABLE-LIVE,66.7,62.0,32.208,0.9378,0.8309,1.0,L3_STATE,prior_version_still_callable|upgradeable_architecture|live_value_or_approvals,initializer_flag_unset,initializer_consumed|upgrade_timelocked,,PRIOR_ART_SEARCH_INCOMPLETE,YES,False,,READ
9,71,abstradex,AbstraDEX,https://defillama.com/protocol/abstradex,Dexs,X Layer|Morph|Cronos zkEVM|ZetaChain|Zkfair|Cyber,384221.44,UPGRADE-INITIALIZER-REACHABLE-LIVE,66.7,62.0,19.181,0.5585,0.8309,1.0,L3_STATE,prior_version_still_callable|upgradeable_architecture|live_value_or_approvals,initializer_flag_unset,initializer_consumed|upgrade_timelocked,,PRIOR_ART_SEARCH_INCOMPLETE,YES,False,Uniswap V2,READ
10,11,granary-finance,Granary Finance,https://defillama.com/protocol/granary-finance,Lending,Optimism|Metis|Arbitrum|Binance|Avalanche|Fantom,169396.37,ORACLE-SPOT-THIN-LIQUIDITY,65.7,86.0,35.433,0.529,0.9884,1.2,L3_STATE,value_decision_reads_configured_feed|feed_selection_is_configuration|single_or_undeclared_oracle,failure_path_returns_usable_number|live_positions_exposed,staleness_check_reverts|deviation_bound_vs_independent_source|caps_sized_to_venue_depth,,PRIOR_ART_SEARCH_INCOMPLETE,YES,False,Aave V2,READ_VIA_REGISTRY
11,6,base-bridge,Base Bridge,https://defillama.com/protocol/base-bridge,Canonical Bridge,Ethereum,2790942273.4,UPGRADE-OLD-DEPLOYMENT-LIVE-AUTHORITY,62.5,75.0,47.321,0.9446,0.8906,1.2,L3_STATE,prior_version_still_callable|still_holds_value_or_authority,unmaintained_or_differing_code_path|not_paused,paused_and_drained|approvals_revoked,,PRIOR_ART_SEARCH_INCOMPLETE,YES,True,,READ_VIA_REGISTRY
12,15,stability,Stability,https://defillama.com/protocol/stability,Liquidity Manager,Sonic|Base|Polygon|re.al,1906981.51,UPGRADE-OLD-DEPLOYMENT-LIVE-AUTHORITY,62.5,75.0,31.46,0.628,0.8906,1.2,L3_STATE,prior_version_still_callable|still_holds_value_or_authority,unmaintained_or_differing_code_path|not_paused,paused_and_drained|approvals_revoked,,PRIOR_ART_SEARCH_INCOMPLETE,YES,True,,READ
13,30,agave,Agave,https://defillama.com/protocol/agave,Lending,xDai,88695.2,ORACLE-SPOT-THIN-LIQUIDITY,57.3,75.0,25.547,0.5009,0.9884,1.2,L3_STATE,value_decision_reads_configured_feed|single_or_undeclared_oracle,feed_selection_is_configuration|failure_path_returns_usable_number|live_positions_exposed,staleness_check_reverts|deviation_bound_vs_independent_source|caps_sized_to_venue_depth,,PRIOR_ART_SEARCH_INCOMPLETE,YES,True,Aave V2,READ
14,34,agave,Agave,https://defillama.com/protocol/agave,Lending,xDai,88695.2,ORACLE-STALE-OR-SILENT-FALLBACK,57.3,75.0,23.538,0.5009,0.9503,1.15,L3_STATE,value_decision_reads_configured_feed|single_or_undeclared_oracle,feed_selection_is_configuration|failure_path_returns_usable_number|live_positions_exposed,staleness_check_reverts|deviation_bound_vs_independent_source|caps_sized_to_venue_depth,,PRIOR_ART_SEARCH_INCOMPLETE,NO,True,Aave V2,READ
15,43,agave,Agave,https://defillama.com/protocol/agave,Lending,xDai,88695.2,LIQUIDATION-ON-MANIPULABLE-VALUATION,57.3,75.0,22.475,0.5009,0.9486,1.1,L3_STATE,value_decision_reads_configured_feed|single_or_undeclared_oracle,feed_selection_is_configuration|failure_path_returns_usable_number|live_positions_exposed,staleness_check_reverts|deviation_bound_vs_independent_source|caps_sized_to_venue_depth,,PRIOR_ART_SEARCH_INCOMPLETE,NO,True,Aave V2,READ
16,7,sentora,Sentora,https://defillama.com/protocol/sentora,Risk Curators,Ethereum|Ink|Solana|Tempo,2417461030.79,ORACLE-VAULT-SHARE-RATE-AS-SPOT-PRICE,56.7,75.0,36.44,0.9383,0.9138,1.0,L3_STATE,value_decision_reads_configured_feed|feed_selection_is_configuration|single_or_undeclared_oracle,failure_path_returns_usable_number|live_positions_exposed,staleness_check_reverts|deviation_bound_vs_independent_source|caps_sized_to_venue_depth,,PRIOR_ART_SEARCH_INCOMPLETE,YES,False,,READ
17,9,extended-perps,Extended Perps,https://defillama.com/protocol/extended-perps,Derivatives,Starknet|Ethereum,121536392.59,LIQUIDATION-ON-MANIPULABLE-VALUATION,56.7,75.0,35.855,0.8085,0.9486,1.1,L3_STATE,value_decision_reads_configured_feed|feed_selection_is_configuration|single_or_undeclared_oracle,failure_path_returns_usable_number|live_positions_exposed,staleness_check_reverts|deviation_bound_vs_independent_source|caps_sized_to_venue_depth,,PRIOR_ART_SEARCH_INCOMPLETE,YES,False,,READ_VIA_REGISTRY
18,24,tulipa-capital,Tulipa Capital,https://defillama.com/protocol/tulipa-capital,Risk Curators,Ethereum|Avalanche|Berachain|BOB|Monad|Binance,44238985.86,ACC-NAV-SHAREPRICE-MANIPULABLE,54.5,69.0,27.839,0.7646,0.9221,1.05,L3_STATE,multi_component_totalAssets|live_pooled_depositor_value,component_valuation_externally_influenceable|deposit_and_redeem_reachable,per_block_share_price_cap|component_valuation_deviation_bound,,PRIOR_ART_SEARCH_INCOMPLETE,YES,False,,READ_VIA_REGISTRY
19,10,cooler-loans,Cooler Loans,https://defillama.com/protocol/cooler-loans,Lending,Ethereum,217378305.22,ORACLE-SPOT-THIN-LIQUIDITY,48.3,75.0,35.845,0.8337,0.9884,1.2,L3_STATE,value_decision_reads_configured_feed|single_or_undeclared_oracle,feed_selection_is_configuration|failure_path_returns_usable_number|live_positions_exposed,staleness_check_reverts|deviation_bound_vs_independent_source|caps_sized_to_venue_depth,,PRIOR_ART_SEARCH_INCOMPLETE,YES,False,,READ
20,12,curve-llamalend,Curve LlamaLend,https://defillama.com/protocol/curve-llamalend,Lending,Ethereum|Arbitrum|Fraxtal|Optimism,78074978.56,ORACLE-SPOT-THIN-LIQUIDITY,48.3,75.0,33.936,0.7893,0.9884,1.2,L3_STATE,value_decision_reads_configured_feed|single_or_undeclared_oracle,feed_selection_is_configuration|failure_path_returns_usable_number|live_positions_exposed,staleness_check_reverts|deviation_bound_vs_independent_source|caps_sized_to_venue_depth,,PRIOR_ART_SEARCH_INCOMPLETE,YES,False,,READ
21,13,rockawayx,RockawayX,https://defillama.com/protocol/rockawayx,Risk Curators,Ethereum|Solana|Sei|Pharos|Binance|Etherlink,193301703.37,ORACLE-STALE-OR-SILENT-FALLBACK,48.3,75.0,32.826,0.8286,0.9503,1.15,L3_STATE,value_decision_reads_configured_feed|single_or_undeclared_oracle,feed_selection_is_configuration|failure_path_returns_usable_number|live_positions_exposed,staleness_check_reverts|deviation_bound_vs_independent_source|caps_sized_to_venue_depth,,PRIOR_ART_SEARCH_INCOMPLETE,YES,False,,READ
22,16,curve-llamalend,Curve LlamaLend,https://defillama.com/protocol/curve-llamalend,Lending,Ethereum|Arbitrum|Fraxtal|Optimism,78074978.56,ORACLE-STALE-OR-SILENT-FALLBACK,48.3,75.0,31.269,0.7893,0.9503,1.15,L3_STATE,value_decision_reads_configured_feed|single_or_undeclared_oracle,feed_selection_is_configuration|failure_path_returns_usable_number|live_positions_exposed,staleness_check_reverts|deviation_bound_vs_independent_source|caps_sized_to_venue_depth,,PRIOR_ART_SEARCH_INCOMPLETE,NO,False,,READ
23,19,curve-llamalend,Curve LlamaLend,https://defillama.com/protocol/curve-llamalend,Lending,Ethereum|Arbitrum|Fraxtal|Optimism,78074978.56,LIQUIDATION-ON-MANIPULABLE-VALUATION,48.3,75.0,29.856,0.7893,0.9486,1.1,L3_STATE,value_decision_reads_configured_feed|single_or_undeclared_oracle,feed_selection_is_configuration|failure_path_returns_usable_number|live_positions_exposed,staleness_check_reverts|deviation_bound_vs_independent_source|caps_sized_to_venue_depth,,PRIOR_ART_SEARCH_INCOMPLETE,NO,False,,READ
24,25,rockawayx,RockawayX,https://defillama.com/protocol/rockawayx,Risk Curators,Ethereum|Solana|Sei|Pharos|Binance|Etherlink,193301703.37,ORACLE-VAULT-SHARE-RATE-AS-SPOT-PRICE,48.3,75.0,27.448,0.8286,0.9138,1.0,L3_STATE,value_decision_reads_configured_feed|single_or_undeclared_oracle,feed_selection_is_configuration|failure_path_returns_usable_number|live_positions_exposed,staleness_check_reverts|deviation_bound_vs_independent_source|caps_sized_to_venue_depth,,PRIOR_ART_SEARCH_INCOMPLETE,NO,False,,READ
25,29,gami-labs,Gami Labs,https://defillama.com/protocol/gami-labs,Risk Curators,Stellar|Ethereum|Flare|Base|Avalanche|Robinhood Chain,55236702.37,ORACLE-VAULT-SHARE-RATE-AS-SPOT-PRICE,48.3,75.0,25.646,0.7742,0.9138,1.0,L3_STATE,value_decision_reads_configured_feed|single_or_undeclared_oracle,feed_selection_is_configuration|failure_path_returns_usable_number|live_positions_exposed,staleness_check_reverts|deviation_bound_vs_independent_source|caps_sized_to_venue_depth,,PRIOR_ART_SEARCH_INCOMPLETE,NO,False,,READ_VIA_REGISTRY
26,57,guru-network-classic,Guru Network Classic,https://defillama.com/protocol/guru-network-classic,Yield,Binance|Sonic|MultiVAC|Fantom|Arbitrum|Kucoin,1888996.3,ORACLE-VAULT-SHARE-RATE-AS-SPOT-PRICE,48.3,75.0,20.789,0.6276,0.9138,1.0,L3_STATE,feed_selection_is_configuration|single_or_undeclared_oracle,value_decision_reads_configured_feed|failure_path_returns_usable_number|live_positions_exposed,staleness_check_reverts|deviation_bound_vs_independent_source|caps_sized_to_venue_depth,,PRIOR_ART_SEARCH_INCOMPLETE,NO,False,,READ
27,26,lido,Lido,https://defillama.com/protocol/lido,Liquid Staking,Ethereum|Solana|Terra|Moonriver|Moonbeam,23256609669.22,ACC-REWARD-INDEX-INIT-AND-ORDERING,45,62.0,26.798,1.0427,0.8773,1.05,L1_ADAPTER,_generic_family_adapter_only|family_architecture_signals_in_adapter|live_value_present,,decisive_guard_reviewed,,PRIOR_ART_SEARCH_INCOMPLETE,NO,False,,READ
28,27,lighter-bridge,Lighter Bridge,https://defillama.com/protocol/lighter-bridge,Bridge,Ethereum|Arbitrum,530440530.36,PROOF-VERIFICATION-BYPASSED,45,62.0,26.743,0.8725,0.9155,1.2,L1_ADAPTER,_generic_family_adapter_only|family_architecture_signals_in_adapter|live_value_present,,decisive_guard_reviewed,,PRIOR_ART_SEARCH_INCOMPLETE,NO,False,,READ_VIA_REGISTRY
29,28,uniswap-v2,Uniswap V2,https://defillama.com/protocol/uniswap-v2,Dexs,Ethereum|Base|Polygon|Robinhood Chain|Arbitrum|Binance,912700838.31,ACC-MULTI-PATH-CREDIT-DRIFT,45,62.0,26.075,0.896,0.9934,1.05,L1_ADAPTER,_generic_family_adapter_only|family_architecture_signals_in_adapter|live_value_present,,decisive_guard_reviewed,,PRIOR_ART_SEARCH_INCOMPLETE,NO,False,,READ
30,31,multichain,Multichain,https://defillama.com/protocol/multichain,Bridge,Binance|Ethereum|Polygon|Arbitrum|Optimism|Avalanche,37621575.21,BRIDGE-MESSAGE-NOT-BOUND-TO-SOURCE,45,62.0,24.816,0.7575,0.9785,1.2,L1_ADAPTER,_generic_family_adapter_only|family_architecture_signals_in_adapter|live_value_present,,decisive_guard_reviewed,,PRIOR_ART_SEARCH_INCOMPLETE,NO,False,,READ
31,32,near-intents,NEAR Intents,https://defillama.com/protocol/near-intents,Bridge,Near|Ethereum|Bitcoin|Binance|Tron|Arbitrum,107437193.3,PROOF-VERIFICATION-BYPASSED,45,62.0,24.616,0.8031,0.9155,1.2,L1_ADAPTER,_generic_family_adapter_only|family_architecture_signals_in_adapter|live_value_present,,decisive_guard_reviewed,,PRIOR_ART_SEARCH_INCOMPLETE,NO,False,,READ_VIA_REGISTRY
32,33,stake-dao,Stake DAO,https://defillama.com/protocol/stake-dao,Yield,Ethereum|Base|Fraxtal|Arbitrum|Polygon|Optimism,138809701.25,ACC-MULTI-PATH-CREDIT-DRIFT,45,62.0,23.872,0.8203,0.9934,1.05,L1_ADAPTER,_generic_family_adapter_only|family_architecture_signals_in_adapter|live_value_present,,decisive_guard_reviewed,,PRIOR_ART_SEARCH_INCOMPLETE,NO,False,,READ
33,35,pancakeswap-amm,PancakeSwap AMM,https://defillama.com/protocol/pancakeswap-amm,Dexs,Binance|Ethereum|Aptos|Base|zkSync Era|Arbitrum,1922851841.06,ACC-SPLIT-NONINVARIANT,45,57.0,23.34,0.9284,0.9801,1.0,L1_ADAPTER,_generic_family_adapter_only|family_architecture_signals_in_adapter|live_value_present,,decisive_guard_reviewed,,PRIOR_ART_SEARCH_INCOMPLETE,NO,False,Uniswap V2,READ
34,36,multichain,Multichain,https://defillama.com/protocol/multichain,Bridge,Binance|Ethereum|Polygon|Arbitrum|Optimism|Avalanche,37621575.21,PROOF-VERIFICATION-BYPASSED,45,62.0,23.218,0.7575,0.9155,1.2,L1_ADAPTER,_generic_family_adapter_only|family_architecture_signals_in_adapter|live_value_present,,decisive_guard_reviewed,,PRIOR_ART_SEARCH_INCOMPLETE,NO,False,,READ
35,37,synapse-cross-chain-bridge,Synapse Cross Chain Bridge,https://defillama.com/protocol/synapse-cross-chain-bridge,Cross Chain Bridge,Ethereum|Canto|Avalanche|Blast|Arbitrum|Binance,11793009.5,BRIDGE-MESSAGE-NOT-BOUND-TO-SOURCE,45,62.0,23.168,0.7072,0.9785,1.2,L1_ADAPTER,_generic_family_adapter_only|family_architecture_signals_in_adapter|live_value_present,,decisive_guard_reviewed,,PRIOR_ART_SEARCH_INCOMPLETE,NO,False,,READ
36,38,stake-dao,Stake DAO,https://defillama.com/protocol/stake-dao,Yield,Ethereum|Base|Fraxtal|Arbitrum|Polygon|Optimism,138809701.25,CALLBACK-STATE-LOCK-INCOMPLETE,45,62.0,23.115,0.8203,0.9619,1.05,L1_ADAPTER,_generic_family_adapter_only|family_architecture_signals_in_adapter|live_value_present,,decisive_guard_reviewed,,PRIOR_ART_SEARCH_INCOMPLETE,NO,False,,READ
37,39,hyperliquid-hlp,Hyperliquid HLP,https://defillama.com/protocol/hyperliquid-hlp,Derivatives,Hyperliquid L1,188082344.72,LIQUIDATION-ON-MANIPULABLE-VALUATION,45,59.0,22.922,0.8274,0.9486,1.1,L1_ADAPTER,value_decision_reads_configured_feed|single_or_undeclared_oracle,feed_selection_is_configuration|failure_path_returns_usable_number|live_positions_exposed,staleness_check_reverts|deviation_bound_vs_independent_source|caps_sized_to_venue_depth,,PRIOR_ART_SEARCH_INCOMPLETE,NO,False,,READ
38,40,multichain,Multichain,https://defillama.com/protocol/multichain,Bridge,Binance|Ethereum|Polygon|Arbitrum|Optimism|Avalanche,37621575.21,CALLDATA-CALLER-CONTROLLED-TARGET,45,62.0,22.632,0.7575,0.9735,1.1,L1_ADAPTER,_generic_family_adapter_only|family_architecture_signals_in_adapter|live_value_present,,decisive_guard_reviewed,,PRIOR_ART_SEARCH_INCOMPLETE,NO,False,,READ
39,41,ccip,CCIP,https://defillama.com/protocol/ccip,Bridge,Ethereum|Avalanche|Solana|Base|Arbitrum|Ronin,1825003066.74,BRIDGE-MESSAGE-NOT-BOUND-TO-SOURCE,45,46.0,22.51,0.9261,0.9785,1.2,L1_ADAPTER,_generic_family_adapter_only|family_architecture_signals_in_adapter|live_value_present,,decisive_guard_reviewed,,PRIOR_ART_SEARCH_INCOMPLETE,NO,False,,READ
40,44,stake-dao,Stake DAO,https://defillama.com/protocol/stake-dao,Yield,Ethereum|Base|Fraxtal|Arbitrum|Polygon|Optimism,138809701.25,CALLBACK-UNAUTHENTICATED-CALLER-USES-APPROVALS,45,62.0,22.437,0.8203,0.9337,1.05,L1_ADAPTER,_generic_family_adapter_only|family_architecture_signals_in_adapter|live_value_present,,decisive_guard_reviewed,,PRIOR_ART_SEARCH_INCOMPLETE,NO,False,,READ
41,45,multichain,Multichain,https://defillama.com/protocol/multichain,Bridge,Binance|Ethereum|Polygon|Arbitrum|Optimism|Avalanche,37621575.21,AUTH-MISSING-ON-VALUE-MOVING-PATH,45,62.0,22.285,0.7575,0.9586,1.1,L1_ADAPTER,_generic_family_adapter_only|family_architecture_signals_in_adapter|live_value_present,,decisive_guard_reviewed,,PRIOR_ART_SEARCH_INCOMPLETE,NO,False,,READ
42,48,cbridge,cBridge,https://defillama.com/protocol/cbridge,Bridge,Ethereum|Binance|Polygon|Arbitrum|Optimism|zkSync Era,14619877.33,PROOF-VERIFICATION-BYPASSED,45,62.0,21.961,0.7165,0.9155,1.2,L1_ADAPTER,_generic_family_adapter_only|family_architecture_signals_in_adapter|live_value_present,,decisive_guard_reviewed,,PRIOR_ART_SEARCH_INCOMPLETE,NO,False,,READ_VIA_REGISTRY
43,49,pancakeswap-amm,PancakeSwap AMM,https://defillama.com/protocol/pancakeswap-amm,Dexs,Binance|Ethereum|Aptos|Base|zkSync Era|Arbitrum,1922851841.06,QUOTE-OR-ROUTE-OUTPUT-NOT-BOUND-TO-ASSET,45,62.0,21.698,0.9284,0.7978,1.05,L1_ADAPTER,_generic_family_adapter_only|family_architecture_signals_in_adapter|live_value_present,,decisive_guard_reviewed,,PRIOR_ART_SEARCH_INCOMPLETE,NO,False,Uniswap V2,READ
44,50,curve-llamalend,Curve LlamaLend,https://defillama.com/protocol/curve-llamalend,Lending,Ethereum|Arbitrum|Fraxtal|Optimism,78074978.56,ASSET-OR-MARKET-IDENTITY-NOT-VALIDATED,45,62.0,21.293,0.7893,0.879,1.1,L1_ADAPTER,_generic_family_adapter_only|family_architecture_signals_in_adapter|live_value_present,,decisive_guard_reviewed,,PRIOR_ART_SEARCH_INCOMPLETE,NO,False,,READ
45,51,stake-dao,Stake DAO,https://defillama.com/protocol/stake-dao,Yield,Ethereum|Base|Fraxtal|Arbitrum|Polygon|Optimism,138809701.25,ACC-REWARD-INDEX-INIT-AND-ORDERING,45,62.0,21.082,0.8203,0.8773,1.05,L1_ADAPTER,_generic_family_adapter_only|family_architecture_signals_in_adapter|live_value_present,,decisive_guard_reviewed,,PRIOR_ART_SEARCH_INCOMPLETE,NO,False,,READ
46,52,uniswap-v2,Uniswap V2,https://defillama.com/protocol/uniswap-v2,Dexs,Ethereum|Base|Polygon|Robinhood Chain|Arbitrum|Binance,912700838.31,QUOTE-OR-ROUTE-OUTPUT-NOT-BOUND-TO-ASSET,45,62.0,20.941,0.896,0.7978,1.05,L1_ADAPTER,_generic_family_adapter_only|family_architecture_signals_in_adapter|live_value_present,,decisive_guard_reviewed,,PRIOR_ART_SEARCH_INCOMPLETE,NO,False,,READ
47,53,bouncebit-cedefi-yield,BounceBit CeDeFi Yield,https://defillama.com/protocol/bouncebit-cedefi-yield,Basis Trading,BounceBit|Binance|Ethereum|Base|Solana,271695805.19,SETTLEMENT-EPOCH-BOUNDARY-CREDIT,45,57.0,20.917,0.8434,0.9669,1.0,L1_ADAPTER,_generic_family_adapter_only|family_architecture_signals_in_adapter|live_value_present,,decisive_guard_reviewed,,PRIOR_ART_SEARCH_INCOMPLETE,NO,False,,READ
48,54,coinbase-bridge,Coinbase Bridge,https://defillama.com/protocol/coinbase-bridge,Bridge,Bitcoin|Ripple|Doge|Cardano|Litecoin,7543184703.6,BRIDGE-MESSAGE-NOT-BOUND-TO-SOURCE,45,40.0,20.878,0.9878,0.9785,1.2,L1_ADAPTER,_generic_family_adapter_only|live_value_present,family_architecture_signals_in_adapter,decisive_guard_reviewed,,PRIOR_ART_SEARCH_INCOMPLETE,NO,False,,READ
49,55,merlins-seal,Merlins Seal,https://defillama.com/protocol/merlins-seal,Bridge,Bitcoin|Ethereum|Arbitrum|Zkfair,419424432.12,AMM-POOL-RATIO-SKEW-EXTRACTION,45,57.0,20.871,0.8623,0.9436,1.0,L1_ADAPTER,_generic_family_adapter_only|family_architecture_signals_in_adapter|live_value_present,,decisive_guard_reviewed,,PRIOR_ART_SEARCH_INCOMPLETE,NO,False,,READ
50,56,layerzero-v2,LayerZero V2,https://defillama.com/protocol/layerzero-v2,Bridge,Ethereum|Arbitrum|Base|Polygon|Plasma|Flare,6966756164.32,BRIDGE-MESSAGE-NOT-BOUND-TO-SOURCE,45,40.0,20.804,0.9843,0.9785,1.2,L1_ADAPTER,_generic_family_adapter_only|live_value_present,family_architecture_signals_in_adapter,decisive_guard_reviewed,,PRIOR_ART_SEARCH_INCOMPLETE,NO,False,,READ
51,58,feather,Feather,https://defillama.com/protocol/feather,Risk Curators,Sei|Celo|MegaETH|Klaytn|Polygon|Ethereum,13652853.85,ORACLE-STALE-OR-SILENT-FALLBACK,45,59.0,20.702,0.7135,0.9503,1.15,L1_ADAPTER,value_decision_reads_configured_feed|single_or_undeclared_oracle,feed_selection_is_configuration|failure_path_returns_usable_number|live_positions_exposed,staleness_check_reverts|deviation_bound_vs_independent_source|caps_sized_to_venue_depth,,PRIOR_ART_SEARCH_INCOMPLETE,NO,False,,READ_VIA_REGISTRY
52,59,stake-dao,Stake DAO,https://defillama.com/protocol/stake-dao,Yield,Ethereum|Base|Fraxtal|Arbitrum|Polygon|Optimism,138809701.25,SIG-REPLAY-CROSS-POSITION,45,57.0,20.553,0.8203,0.9768,1.0,L1_ADAPTER,_generic_family_adapter_only|family_architecture_signals_in_adapter|live_value_present,,decisive_guard_reviewed,,PRIOR_ART_SEARCH_INCOMPLETE,NO,False,,READ
53,60,derive-v2,Derive V2,https://defillama.com/protocol/derive-v2,Derivatives,Hyperliquid L1|Base|Optimism|Arbitrum|Ethereum|Blast,153944355.67,LIQUIDATION-ON-MANIPULABLE-VALUATION,45,53.0,20.375,0.8187,0.9486,1.1,L1_ADAPTER,value_decision_reads_configured_feed|single_or_undeclared_oracle,feed_selection_is_configuration|failure_path_returns_usable_number|live_positions_exposed,staleness_check_reverts|deviation_bound_vs_independent_source|caps_sized_to_venue_depth,,PRIOR_ART_SEARCH_INCOMPLETE,NO,False,,READ
54,61,stake-dao,Stake DAO,https://defillama.com/protocol/stake-dao,Yield,Ethereum|Base|Fraxtal|Arbitrum|Polygon|Optimism,138809701.25,SETTLEMENT-EPOCH-BOUNDARY-CREDIT,45,57.0,20.344,0.8203,0.9669,1.0,L1_ADAPTER,_generic_family_adapter_only|family_architecture_signals_in_adapter|live_value_present,,decisive_guard_reviewed,,PRIOR_ART_SEARCH_INCOMPLETE,NO,False,,READ
55,62,fassets,FAssets,https://defillama.com/protocol/fassets,Bridge,Ripple|Flare,233766307.26,BRIDGE-MESSAGE-NOT-BOUND-TO-SOURCE,45,46.0,20.342,0.8369,0.9785,1.2,L1_ADAPTER,_generic_family_adapter_only|family_architecture_signals_in_adapter|live_value_present,,decisive_guard_reviewed,,PRIOR_ART_SEARCH_INCOMPLETE,NO,False,,READ
56,64,alpaca-finance-2.0,Alpaca Finance 2.0,https://defillama.com/protocol/alpaca-finance-2.0,Lending,Binance,12587062.85,ORACLE-SPOT-THIN-LIQUIDITY,45,53.0,20.084,0.71,0.9884,1.2,L1_ADAPTER,value_decision_reads_configured_feed|single_or_undeclared_oracle,feed_selection_is_configuration|failure_path_returns_usable_number|live_positions_exposed,staleness_check_reverts|deviation_bound_vs_independent_source|caps_sized_to_venue_depth,,PRIOR_ART_SEARCH_INCOMPLETE,NO,False,,READ
57,65,gearbox,Gearbox,https://defillama.com/protocol/gearbox,Lending,Ethereum|Etherlink|Monad|Plasma|Hemi|Arbitrum,21850471.72,ASSET-OR-MARKET-IDENTITY-NOT-VALIDATED,45,62.0,19.963,0.74,0.879,1.1,L1_ADAPTER,_generic_family_adapter_only|family_architecture_signals_in_adapter|live_value_present,,decisive_guard_reviewed,,PRIOR_ART_SEARCH_INCOMPLETE,NO,False,,READ
58,66,zircuit-staking,Zircuit Staking,https://defillama.com/protocol/zircuit-staking,Farm,Ethereum|Zircuit,58352603.55,ACC-REWARD-INDEX-INIT-AND-ORDERING,45,62.0,19.959,0.7766,0.8773,1.05,L1_ADAPTER,_generic_family_adapter_only|family_architecture_signals_in_adapter|live_value_present,,decisive_guard_reviewed,,PRIOR_ART_SEARCH_INCOMPLETE,NO,False,,READ
59,67,ichi,ICHI,https://defillama.com/protocol/ichi,Liquidity Manager,Hedera|Base|Ethereum|Binance|Sonic|Flare,7949092.88,CALLBACK-STATE-LOCK-INCOMPLETE,45,62.0,19.615,0.6961,0.9619,1.05,L1_ADAPTER,_generic_family_adapter_only|family_architecture_signals_in_adapter|live_value_present,,decisive_guard_reviewed,,PRIOR_ART_SEARCH_INCOMPLETE,NO,False,,READ
60,68,coinbase-bridge,Coinbase Bridge,https://defillama.com/protocol/coinbase-bridge,Bridge,Bitcoin|Ripple|Doge|Cardano|Litecoin,7543184703.6,PROOF-VERIFICATION-BYPASSED,45,40.0,19.534,0.9878,0.9155,1.2,L1_ADAPTER,_generic_family_adapter_only|live_value_present,family_architecture_signals_in_adapter,decisive_guard_reviewed,,PRIOR_ART_SEARCH_INCOMPLETE,NO,False,,READ
61,69,layerzero-v2,LayerZero V2,https://defillama.com/protocol/layerzero-v2,Bridge,Ethereum|Arbitrum|Base|Polygon|Plasma|Flare,6966756164.32,PROOF-VERIFICATION-BYPASSED,45,40.0,19.464,0.9843,0.9155,1.2,L1_ADAPTER,_generic_family_adapter_only|live_value_present,family_architecture_signals_in_adapter,decisive_guard_reviewed,,PRIOR_ART_SEARCH_INCOMPLETE,NO,False,,READ
62,72,coinbase-bridge,Coinbase Bridge,https://defillama.com/protocol/coinbase-bridge,Bridge,Bitcoin|Ripple|Doge|Cardano|Litecoin,7543184703.6,CALLDATA-CALLER-CONTROLLED-TARGET,45,40.0,19.04,0.9878,0.9735,1.1,L1_ADAPTER,_generic_family_adapter_only|live_value_present,family_architecture_signals_in_adapter,decisive_guard_reviewed,,PRIOR_ART_SEARCH_INCOMPLETE,NO,False,,READ
63,73,apx-bridge,APX Bridge,https://defillama.com/protocol/apx-bridge,Bridge,Binance|Ethereum|Arbitrum|Manta|Op_Bnb|zkSync Era,73496263.64,AMM-POOL-RATIO-SKEW-EXTRACTION,45,57.0,19.038,0.7866,0.9436,1.0,L1_ADAPTER,_generic_family_adapter_only|family_architecture_signals_in_adapter|live_value_present,,decisive_guard_reviewed,,PRIOR_ART_SEARCH_INCOMPLETE,NO,False,,READ
64,74,layerzero-v2,LayerZero V2,https://defillama.com/protocol/layerzero-v2,Bridge,Ethereum|Arbitrum|Base|Polygon|Plasma|Flare,6966756164.32,CALLDATA-CALLER-CONTROLLED-TARGET,45,40.0,18.973,0.9843,0.9735,1.1,L1_ADAPTER,_generic_family_adapter_only|live_value_present,family_architecture_signals_in_adapter,decisive_guard_reviewed,,PRIOR_ART_SEARCH_INCOMPLETE,NO,False,,READ
65,75,near-intents,NEAR Intents,https://defillama.com/protocol/near-intents,Bridge,Near|Ethereum|Bitcoin|Binance|Tron|Arbitrum,107437193.3,SIG-DIGEST-AMBIGUOUS-OR-UNBOUND,45,62.0,18.916,0.8031,0.8442,1.0,L1_ADAPTER,_generic_family_adapter_only|family_architecture_signals_in_adapter|live_value_present,,decisive_guard_reviewed,,PRIOR_ART_SEARCH_INCOMPLETE,NO,False,,READ_VIA_REGISTRY
66,76,ultrayield-curator,UltraYield Curator,https://defillama.com/protocol/ultrayield-curator,Risk Curators,Ethereum|Hyperliquid L1|Etherlink|Base|Monad|Plasma,54381027.15,ORACLE-VAULT-SHARE-RATE-AS-SPOT-PRICE,45,59.0,18.766,0.7735,0.9138,1.0,L1_ADAPTER,value_decision_reads_configured_feed|feed_selection_is_configuration|single_or_undeclared_oracle,failure_path_returns_usable_number|live_positions_exposed,staleness_check_reverts|deviation_bound_vs_independent_source|caps_sized_to_venue_depth,,PRIOR_ART_SEARCH_INCOMPLETE,NO,False,,READ
67,77,guru-network-classic,Guru Network Classic,https://defillama.com/protocol/guru-network-classic,Yield,Binance|Sonic|MultiVAC|Fantom|Arbitrum|Kucoin,1888996.3,CALLDATA-CALLER-CONTROLLED-TARGET,45,62.0,18.751,0.6276,0.9735,1.1,L1_ADAPTER,_generic_family_adapter_only|family_architecture_signals_in_adapter|live_value_present,,decisive_guard_reviewed,,PRIOR_ART_SEARCH_INCOMPLETE,NO,False,,READ
68,78,coinbase-bridge,Coinbase Bridge,https://defillama.com/protocol/coinbase-bridge,Bridge,Bitcoin|Ripple|Doge|Cardano|Litecoin,7543184703.6,AUTH-MISSING-ON-VALUE-MOVING-PATH,45,40.0,18.749,0.9878,0.9586,1.1,L1_ADAPTER,_generic_family_adapter_only|live_value_present,family_architecture_signals_in_adapter,decisive_guard_reviewed,,PRIOR_ART_SEARCH_INCOMPLETE,NO,False,,READ
69,79,layerzero-v2,LayerZero V2,https://defillama.com/protocol/layerzero-v2,Bridge,Ethereum|Arbitrum|Base|Polygon|Plasma|Flare,6966756164.32,AUTH-MISSING-ON-VALUE-MOVING-PATH,45,40.0,18.682,0.9843,0.9586,1.1,L1_ADAPTER,_generic_family_adapter_only|live_value_present,family_architecture_signals_in_adapter,decisive_guard_reviewed,,PRIOR_ART_SEARCH_INCOMPLETE,NO,False,,READ
70,80,poly-network,Poly Network,https://defillama.com/protocol/poly-network,Bridge,Ethereum|Binance|NEO|Heco|Neo3|Boba,44728247.74,BRIDGE-MESSAGE-NOT-BOUND-TO-SOURCE,45,46.0,18.596,0.7651,0.9785,1.2,L1_ADAPTER,_generic_family_adapter_only|family_architecture_signals_in_adapter|live_value_present,,decisive_guard_reviewed,,PRIOR_ART_SEARCH_INCOMPLETE,NO,False,,READ_VIA_REGISTRY
71,81,guru-network-classic,Guru Network Classic,https://defillama.com/protocol/guru-network-classic,Yield,Binance|Sonic|MultiVAC|Fantom|Arbitrum|Kucoin,1888996.3,AUTH-MISSING-ON-VALUE-MOVING-PATH,45,62.0,18.464,0.6276,0.9586,1.1,L1_ADAPTER,_generic_family_adapter_only|family_architecture_signals_in_adapter|live_value_present,,decisive_guard_reviewed,,PRIOR_ART_SEARCH_INCOMPLETE,NO,False,,READ
72,82,thruster-v2,Thruster V2,https://defillama.com/protocol/thruster-v2,Dexs,Blast,2203448.34,ACC-MULTI-PATH-CREDIT-DRIFT,45,62.0,18.459,0.6343,0.9934,1.05,L1_ADAPTER,_generic_family_adapter_only|family_architecture_signals_in_adapter|live_value_present,,decisive_guard_reviewed,,PRIOR_ART_SEARCH_INCOMPLETE,NO,False,Uniswap V2,READ
73,83,delea,Delea,https://defillama.com/protocol/delea,CDP,TON,2197337.06,ORACLE-STALE-OR-SILENT-FALLBACK,45,59.0,18.401,0.6342,0.9503,1.15,L1_ADAPTER,value_decision_reads_configured_feed|single_or_undeclared_oracle,feed_selection_is_configuration|failure_path_returns_usable_number|live_positions_exposed,staleness_check_reverts|deviation_bound_vs_independent_source|caps_sized_to_venue_depth,,PRIOR_ART_SEARCH_INCOMPLETE,NO,True,,READ_VIA_REGISTRY
74,84,rocketswap-anubis,RocketSwap Anubis,https://defillama.com/protocol/rocketswap-anubis,Dexs,Anubis,190915199.13,CALLDATA-CALLER-CONTROLLED-TARGET,45,46.0,18.356,0.8281,0.9735,1.1,L1_ADAPTER,_generic_family_adapter_only|family_architecture_signals_in_adapter|live_value_present,,decisive_guard_reviewed,,PRIOR_ART_SEARCH_INCOMPLETE,NO,False,Uniswap V2,READ_VIA_REGISTRY
75,85,multichain,Multichain,https://defillama.com/protocol/multichain,Bridge,Binance|Ethereum|Polygon|Arbitrum|Optimism|Avalanche,37621575.21,AMM-POOL-RATIO-SKEW-EXTRACTION,45,57.0,18.334,0.7575,0.9436,1.0,L1_ADAPTER,_generic_family_adapter_only|family_architecture_signals_in_adapter|live_value_present,,decisive_guard_reviewed,,PRIOR_ART_SEARCH_INCOMPLETE,NO,False,,READ
76,86,rocketswap-anubis,RocketSwap Anubis,https://defillama.com/protocol/rocketswap-anubis,Dexs,Anubis,190915199.13,UPGRADE-OLD-DEPLOYMENT-LIVE-AUTHORITY,45,46.0,18.32,0.8281,0.8906,1.2,L1_ADAPTER,unmaintained_or_differing_code_path|still_holds_value_or_authority,prior_version_still_callable|not_paused,paused_and_drained|approvals_revoked,,PRIOR_ART_SEARCH_INCOMPLETE,NO,False,Uniswap V2,READ_VIA_REGISTRY
77,88,guru-network-classic,Guru Network Classic,https://defillama.com/protocol/guru-network-classic,Yield,Binance|Sonic|MultiVAC|Fantom|Arbitrum|Kucoin,1888996.3,ACC-MULTI-PATH-CREDIT-DRIFT,45,62.0,18.264,0.6276,0.9934,1.05,L1_ADAPTER,_generic_family_adapter_only|family_architecture_signals_in_adapter|live_value_present,,decisive_guard_reviewed,,PRIOR_ART_SEARCH_INCOMPLETE,NO,False,,READ
78,89,multichain,Multichain,https://defillama.com/protocol/multichain,Bridge,Binance|Ethereum|Polygon|Arbitrum|Optimism|Avalanche,37621575.21,APPROVALS-TO-UPGRADEABLE-SPENDER,45,57.0,18.206,0.7575,0.937,1.0,L1_ADAPTER,_generic_family_adapter_only|family_architecture_signals_in_adapter|live_value_present,,decisive_guard_reviewed,,UNREMEDIATED_KNOWN_ISSUE,NO,False,,READ
79,90,justcryptos,JustCryptos,https://defillama.com/protocol/justcryptos,Bridge,Tron,2537480975.42,CALLDATA-CALLER-CONTROLLED-TARGET,45,40.0,18.126,0.9404,0.9735,1.1,L1_ADAPTER,_generic_family_adapter_only|live_value_present,family_architecture_signals_in_adapter,decisive_guard_reviewed,,PRIOR_ART_SEARCH_INCOMPLETE,NO,False,,READ
80,91,stake-dao,Stake DAO,https://defillama.com/protocol/stake-dao,Yield,Ethereum|Base|Fraxtal|Arbitrum|Polygon|Optimism,138809701.25,INCENTIVE-PER-ADDRESS-NO-SYBIL-COST,45,57.0,17.937,0.8203,0.8525,1.0,L1_ADAPTER,_generic_family_adapter_only|family_architecture_signals_in_adapter|live_value_present,,decisive_guard_reviewed,,PRIOR_ART_SEARCH_INCOMPLETE,NO,False,,READ
81,92,rocketswap-anubis,RocketSwap Anubis,https://defillama.com/protocol/rocketswap-anubis,Dexs,Anubis,190915199.13,ACC-MULTI-PATH-CREDIT-DRIFT,45,46.0,17.88,0.8281,0.9934,1.05,L1_ADAPTER,_generic_family_adapter_only|family_architecture_signals_in_adapter|live_value_present,,decisive_guard_reviewed,,PRIOR_ART_SEARCH_INCOMPLETE,NO,False,Uniswap V2,READ_VIA_REGISTRY
82,93,justcryptos,JustCryptos,https://defillama.com/protocol/justcryptos,Bridge,Tron,2537480975.42,AUTH-MISSING-ON-VALUE-MOVING-PATH,45,40.0,17.849,0.9404,0.9586,1.1,L1_ADAPTER,_generic_family_adapter_only|live_value_present,family_architecture_signals_in_adapter,decisive_guard_reviewed,,PRIOR_ART_SEARCH_INCOMPLETE,NO,False,,READ
83,94,multichain,Multichain,https://defillama.com/protocol/multichain,Bridge,Binance|Ethereum|Polygon|Arbitrum|Optimism|Avalanche,37621575.21,SIG-DIGEST-AMBIGUOUS-OR-UNBOUND,45,62.0,17.842,0.7575,0.8442,1.0,L1_ADAPTER,_generic_family_adapter_only|family_architecture_signals_in_adapter|live_value_present,,decisive_guard_reviewed,,PRIOR_ART_SEARCH_INCOMPLETE,NO,False,,READ
84,95,guru-network-classic,Guru Network Classic,https://defillama.com/protocol/guru-network-classic,Yield,Binance|Sonic|MultiVAC|Fantom|Arbitrum|Kucoin,1888996.3,CALLBACK-STATE-LOCK-INCOMPLETE,45,62.0,17.685,0.6276,0.9619,1.05,L1_ADAPTER,_generic_family_adapter_only|family_architecture_signals_in_adapter|live_value_present,,decisive_guard_reviewed,,PRIOR_ART_SEARCH_INCOMPLETE,NO,False,,READ
85,97,empiredex,EmpireDEX,https://defillama.com/protocol/empiredex,Dexs,Binance|Cronos|Ethereum|xDai|Avalanche|Fantom,2676866.66,CALLBACK-UNAUTHENTICATED-CALLER-USES-APPROVALS,45,62.0,17.582,0.6428,0.9337,1.05,L1_ADAPTER,_generic_family_adapter_only|family_architecture_signals_in_adapter|live_value_present,,decisive_guard_reviewed,,PRIOR_ART_SEARCH_INCOMPLETE,NO,False,Uniswap V2,READ_VIA_REGISTRY
86,98,delea,Delea,https://defillama.com/protocol/delea,CDP,TON,2197337.06,LIQUIDATION-ON-MANIPULABLE-VALUATION,45,59.0,17.57,0.6342,0.9486,1.1,L1_ADAPTER,value_decision_reads_configured_feed|single_or_undeclared_oracle,feed_selection_is_configuration|failure_path_returns_usable_number|live_positions_exposed,staleness_check_reverts|deviation_bound_vs_independent_source|caps_sized_to_venue_depth,,PRIOR_ART_SEARCH_INCOMPLETE,NO,True,,READ_VIA_REGISTRY
87,99,saddle-finance,Saddle Finance,https://defillama.com/protocol/saddle-finance,Dexs,Ethereum|Arbitrum|Optimism|Aurora|Fantom|Evmos,945996.78,ACC-MULTI-PATH-CREDIT-DRIFT,45,62.0,17.569,0.6037,0.9934,1.05,L1_ADAPTER,_generic_family_adapter_only|family_architecture_signals_in_adapter|live_value_present,,decisive_guard_reviewed,,PRIOR_ART_SEARCH_INCOMPLETE,NO,True,,READ
88,100,termmax,TermMax,https://defillama.com/protocol/termmax,Lending,Ethereum|Binance|Robinhood Chain|Berachain|X Layer|Base,30948024.95,QUOTE-OR-ROUTE-OUTPUT-NOT-BOUND-TO-ASSET,45,62.0,17.508,0.7491,0.7978,1.05,L1_ADAPTER,_generic_family_adapter_only|family_architecture_signals_in_adapter|live_value_present,,decisive_guard_reviewed,,PRIOR_ART_SEARCH_INCOMPLETE,NO,False,,READ
89,101,ichi,ICHI,https://defillama.com/protocol/ichi,Liquidity Manager,Hedera|Base|Ethereum|Binance|Sonic|Flare,7949092.88,SIG-REPLAY-CROSS-POSITION,45,57.0,17.441,0.6961,0.9768,1.0,L1_ADAPTER,_generic_family_adapter_only|family_architecture_signals_in_adapter|live_value_present,,decisive_guard_reviewed,,PRIOR_ART_SEARCH_INCOMPLETE,NO,False,,READ
90,102,poly-network,Poly Network,https://defillama.com/protocol/poly-network,Bridge,Ethereum|Binance|NEO|Heco|Neo3|Boba,44728247.74,PROOF-VERIFICATION-BYPASSED,45,46.0,17.399,0.7651,0.9155,1.2,L1_ADAPTER,_generic_family_adapter_only|family_architecture_signals_in_adapter|live_value_present,,decisive_guard_reviewed,,PRIOR_ART_SEARCH_INCOMPLETE,NO,False,,READ_VIA_REGISTRY
91,103,empiredex,EmpireDEX,https://defillama.com/protocol/empiredex,Dexs,Binance|Cronos|Ethereum|xDai|Avalanche|Fantom,2676866.66,ASSET-OR-MARKET-IDENTITY-NOT-VALIDATED,45,62.0,17.341,0.6428,0.879,1.1,L1_ADAPTER,_generic_family_adapter_only|family_architecture_signals_in_adapter|live_value_present,,decisive_guard_reviewed,,PRIOR_ART_SEARCH_INCOMPLETE,NO,False,Uniswap V2,READ_VIA_REGISTRY
92,104,rocketswap-anubis,RocketSwap Anubis,https://defillama.com/protocol/rocketswap-anubis,Dexs,Anubis,190915199.13,CALLBACK-STATE-LOCK-INCOMPLETE,45,46.0,17.313,0.8281,0.9619,1.05,L1_ADAPTER,_generic_family_adapter_only|family_architecture_signals_in_adapter|live_value_present,,decisive_guard_reviewed,,PRIOR_ART_SEARCH_INCOMPLETE,NO,False,Uniswap V2,READ_VIA_REGISTRY
93,105,feather,Feather,https://defillama.com/protocol/feather,Risk Curators,Sei|Celo|MegaETH|Klaytn|Polygon|Ethereum,13652853.85,ORACLE-VAULT-SHARE-RATE-AS-SPOT-PRICE,45,59.0,17.311,0.7135,0.9138,1.0,L1_ADAPTER,value_decision_reads_configured_feed|single_or_undeclared_oracle,feed_selection_is_configuration|failure_path_returns_usable_number|live_positions_exposed,staleness_check_reverts|deviation_bound_vs_independent_source|caps_sized_to_venue_depth,,PRIOR_ART_SEARCH_INCOMPLETE,NO,False,,READ_VIA_REGISTRY
94,106,shimmerbridge,ShimmerBridge,https://defillama.com/protocol/shimmerbridge,Bridge,Ethereum|Avalanche|Binance|Optimism|Polygon|Arbitrum,180287.06,BRIDGE-MESSAGE-NOT-BOUND-TO-SOURCE,45,62.0,17.219,0.5256,0.9785,1.2,L1_ADAPTER,_generic_family_adapter_only|family_architecture_signals_in_adapter|live_value_present,,decisive_guard_reviewed,,PRIOR_ART_SEARCH_INCOMPLETE,NO,False,,READ_VIA_REGISTRY
95,107,guru-network-classic,Guru Network Classic,https://defillama.com/protocol/guru-network-classic,Yield,Binance|Sonic|MultiVAC|Fantom|Arbitrum|Kucoin,1888996.3,CALLBACK-UNAUTHENTICATED-CALLER-USES-APPROVALS,45,62.0,17.167,0.6276,0.9337,1.05,L1_ADAPTER,_generic_family_adapter_only|family_architecture_signals_in_adapter|live_value_present,,decisive_guard_reviewed,,PRIOR_ART_SEARCH_INCOMPLETE,NO,False,,READ
96,108,beefy,Beefy,https://defillama.com/protocol/beefy,Yield Aggregator,Ethereum|Binance|Base|Arbitrum|Fraxtal|Monad,125802673.23,CALLBACK-STATE-LOCK-INCOMPLETE,45,46.0,17.06,0.816,0.9619,1.05,L1_ADAPTER,_generic_family_adapter_only|family_architecture_signals_in_adapter|live_value_present,,decisive_guard_reviewed,,PRIOR_ART_SEARCH_INCOMPLETE,NO,False,,READ
97,109,zircuit-staking,Zircuit Staking,https://defillama.com/protocol/zircuit-staking,Farm,Ethereum|Zircuit,58352603.55,INCENTIVE-PER-ADDRESS-NO-SYBIL-COST,45,57.0,16.982,0.7766,0.8525,1.0,L1_ADAPTER,_generic_family_adapter_only|family_architecture_signals_in_adapter|live_value_present,,decisive_guard_reviewed,,PRIOR_ART_SEARCH_INCOMPLETE,NO,False,,READ
98,112,rocketswap-anubis,RocketSwap Anubis,https://defillama.com/protocol/rocketswap-anubis,Dexs,Anubis,190915199.13,CALLBACK-UNAUTHENTICATED-CALLER-USES-APPROVALS,45,46.0,16.805,0.8281,0.9337,1.05,L1_ADAPTER,_generic_family_adapter_only|family_architecture_signals_in_adapter|live_value_present,,decisive_guard_reviewed,,PRIOR_ART_SEARCH_INCOMPLETE,NO,False,Uniswap V2,READ_VIA_REGISTRY
99,113,sdai,sDAI,https://defillama.com/protocol/sdai,Yield,xDai,54986074.66,ACC-MULTI-PATH-CREDIT-DRIFT,45,46.0,16.712,0.774,0.9934,1.05,L1_ADAPTER,_generic_family_adapter_only|family_architecture_signals_in_adapter|live_value_present,,decisive_guard_reviewed,,PRIOR_ART_SEARCH_INCOMPLETE,NO,False,,READ_VIA_REGISTRY
100,114,rocketswap-anubis,RocketSwap Anubis,https://defillama.com/protocol/rocketswap-anubis,Dexs,Anubis,190915199.13,ASSET-OR-MARKET-IDENTITY-NOT-VALIDATED,45,46.0,16.574,0.8281,0.879,1.1,L1_ADAPTER,_generic_family_adapter_only|family_architecture_signals_in_adapter|live_value_present,,decisive_guard_reviewed,,PRIOR_ART_SEARCH_INCOMPLETE,NO,False,Uniswap V2,READ_VIA_REGISTRY
101,115,saddle-finance,Saddle Finance,https://defillama.com/protocol/saddle-finance,Dexs,Ethereum|Arbitrum|Optimism|Aurora|Fantom|Evmos,945996.78,CALLBACK-UNAUTHENTICATED-CALLER-USES-APPROVALS,45,62.0,16.513,0.6037,0.9337,1.05,L1_ADAPTER,_generic_family_adapter_only|family_architecture_signals_in_adapter|live_value_present,,decisive_guard_reviewed,,PRIOR_ART_SEARCH_INCOMPLETE,NO,True,,READ
102,116,homora-v2,Homora V2,https://defillama.com/protocol/homora-v2,Leveraged Farming,Ethereum|Binance|Avalanche|Fantom|Optimism,110273717.07,CALLBACK-UNAUTHENTICATED-CALLER-USES-APPROVALS,45,46.0,16.444,0.8103,0.9337,1.05,L1_ADAPTER,_generic_family_adapter_only|family_architecture_signals_in_adapter|live_value_present,,decisive_guard_reviewed,,PRIOR_ART_SEARCH_INCOMPLETE,NO,False,,READ_VIA_REGISTRY
103,118,abstradex,AbstraDEX,https://defillama.com/protocol/abstradex,Dexs,X Layer|Morph|Cronos zkEVM|ZetaChain|Zkfair|Cyber,384221.44,AUTH-MISSING-ON-VALUE-MOVING-PATH,45,62.0,16.431,0.5585,0.9586,1.1,L1_ADAPTER,_generic_family_adapter_only|family_architecture_signals_in_adapter|live_value_present,,decisive_guard_reviewed,,PRIOR_ART_SEARCH_INCOMPLETE,NO,False,Uniswap V2,READ
104,121,vaultcraft,VaultCraft,https://defillama.com/protocol/vaultcraft,Yield,Arbitrum|Ethereum|Polygon|Optimism|Base|Hemi,557156.94,CALLBACK-STATE-LOCK-INCOMPLETE,45,62.0,16.363,0.5807,0.9619,1.05,L1_ADAPTER,_generic_family_adapter_only|family_architecture_signals_in_adapter|live_value_present,,decisive_guard_reviewed,,PRIOR_ART_SEARCH_INCOMPLETE,NO,False,,READ
105,123,saddle-finance,Saddle Finance,https://defillama.com/protocol/saddle-finance,Dexs,Ethereum|Arbitrum|Optimism|Aurora|Fantom|Evmos,945996.78,ASSET-OR-MARKET-IDENTITY-NOT-VALIDATED,45,62.0,16.286,0.6037,0.879,1.1,L1_ADAPTER,_generic_family_adapter_only|family_architecture_signals_in_adapter|live_value_present,,decisive_guard_reviewed,,PRIOR_ART_SEARCH_INCOMPLETE,NO,True,,READ
106,124,bscswap,BSCSwap,https://defillama.com/protocol/bscswap,Dexs,Binance,5311830.47,AMM-POOL-RATIO-SKEW-EXTRACTION,45,57.0,16.277,0.6725,0.9436,1.0,L1_ADAPTER,_generic_family_adapter_only|family_architecture_signals_in_adapter|live_value_present,,decisive_guard_reviewed,,PRIOR_ART_SEARCH_INCOMPLETE,NO,False,Uniswap V2,READ_VIA_REGISTRY
107,125,homora-v2,Homora V2,https://defillama.com/protocol/homora-v2,Leveraged Farming,Ethereum|Binance|Avalanche|Fantom|Optimism,110273717.07,ASSET-OR-MARKET-IDENTITY-NOT-VALIDATED,45,46.0,16.218,0.8103,0.879,1.1,L1_ADAPTER,_generic_family_adapter_only|family_architecture_signals_in_adapter|live_value_present,,decisive_guard_reviewed,,PRIOR_ART_SEARCH_INCOMPLETE,NO,False,,READ_VIA_REGISTRY
108,126,sdai,sDAI,https://defillama.com/protocol/sdai,Yield,xDai,54986074.66,CALLBACK-STATE-LOCK-INCOMPLETE,45,46.0,16.182,0.774,0.9619,1.05,L1_ADAPTER,_generic_family_adapter_only|family_architecture_signals_in_adapter|live_value_present,,decisive_guard_reviewed,,PRIOR_ART_SEARCH_INCOMPLETE,NO,False,,READ_VIA_REGISTRY
109,127,empiredex,EmpireDEX,https://defillama.com/protocol/empiredex,Dexs,Binance|Cronos|Ethereum|xDai|Avalanche|Fantom,2676866.66,ACC-SPLIT-NONINVARIANT,45,57.0,16.16,0.6428,0.9801,1.0,L1_ADAPTER,_generic_family_adapter_only|family_architecture_signals_in_adapter|live_value_present,,decisive_guard_reviewed,,PRIOR_ART_SEARCH_INCOMPLETE,NO,False,Uniswap V2,READ_VIA_REGISTRY
110,128,guru-network-classic,Guru Network Classic,https://defillama.com/protocol/guru-network-classic,Yield,Binance|Sonic|MultiVAC|Fantom|Arbitrum|Kucoin,1888996.3,ACC-REWARD-INDEX-INIT-AND-ORDERING,45,62.0,16.13,0.6276,0.8773,1.05,L1_ADAPTER,_generic_family_adapter_only|family_architecture_signals_in_adapter|live_value_present,,decisive_guard_reviewed,,PRIOR_ART_SEARCH_INCOMPLETE,NO,False,,READ
111,129,ccip,CCIP,https://defillama.com/protocol/ccip,Bridge,Ethereum|Avalanche|Solana|Base|Arbitrum|Ronin,1825003066.74,AMM-POOL-RATIO-SKEW-EXTRACTION,45,41.0,16.123,0.9261,0.9436,1.0,L1_ADAPTER,_generic_family_adapter_only|family_architecture_signals_in_adapter|live_value_present,,decisive_guard_reviewed,,PRIOR_ART_SEARCH_INCOMPLETE,NO,False,,READ
112,130,shimmerbridge,ShimmerBridge,https://defillama.com/protocol/shimmerbridge,Bridge,Ethereum|Avalanche|Binance|Optimism|Polygon|Arbitrum,180287.06,PROOF-VERIFICATION-BYPASSED,45,62.0,16.11,0.5256,0.9155,1.2,L1_ADAPTER,_generic_family_adapter_only|family_architecture_signals_in_adapter|live_value_present,,decisive_guard_reviewed,,PRIOR_ART_SEARCH_INCOMPLETE,NO,False,,READ_VIA_REGISTRY
113,131,quickswap-v3,Quickswap V3,https://defillama.com/protocol/quickswap-v3,Dexs,Immutable zkEVM|Polygon|Manta|Soneium|X Layer|Dogechain,17574976.56,CALLDATA-CALLER-CONTROLLED-TARGET,45,46.0,16.06,0.7245,0.9735,1.1,L1_ADAPTER,_generic_family_adapter_only|family_architecture_signals_in_adapter|live_value_present,,decisive_guard_reviewed,,PRIOR_ART_SEARCH_INCOMPLETE,NO,False,Algebra DEX,READ_VIA_REGISTRY
114,132,ccip,CCIP,https://defillama.com/protocol/ccip,Bridge,Ethereum|Avalanche|Solana|Base|Arbitrum|Ronin,1825003066.74,APPROVALS-TO-UPGRADEABLE-SPENDER,45,41.0,16.01,0.9261,0.937,1.0,L1_ADAPTER,_generic_family_adapter_only|family_architecture_signals_in_adapter|live_value_present,,decisive_guard_reviewed,,PRIOR_ART_SEARCH_INCOMPLETE,NO,False,,READ
115,133,thruster-v2,Thruster V2,https://defillama.com/protocol/thruster-v2,Dexs,Blast,2203448.34,ACC-SPLIT-NONINVARIANT,45,57.0,15.946,0.6343,0.9801,1.0,L1_ADAPTER,_generic_family_adapter_only|family_architecture_signals_in_adapter|live_value_present,,decisive_guard_reviewed,,PRIOR_ART_SEARCH_INCOMPLETE,NO,False,Uniswap V2,READ
116,134,abstradex,AbstraDEX,https://defillama.com/protocol/abstradex,Dexs,X Layer|Morph|Cronos zkEVM|ZetaChain|Zkfair|Cyber,384221.44,CALLBACK-STATE-LOCK-INCOMPLETE,45,62.0,15.738,0.5585,0.9619,1.05,L1_ADAPTER,_generic_family_adapter_only|family_architecture_signals_in_adapter|live_value_present,,decisive_guard_reviewed,,PRIOR_ART_SEARCH_INCOMPLETE,NO,False,Uniswap V2,READ
117,135,guru-network-classic,Guru Network Classic,https://defillama.com/protocol/guru-network-classic,Yield,Binance|Sonic|MultiVAC|Fantom|Arbitrum|Kucoin,1888996.3,SIG-REPLAY-CROSS-POSITION,45,57.0,15.724,0.6276,0.9768,1.0,L1_ADAPTER,_generic_family_adapter_only|family_architecture_signals_in_adapter|live_value_present,,decisive_guard_reviewed,,PRIOR_ART_SEARCH_INCOMPLETE,NO,False,,READ
118,136,sdai,sDAI,https://defillama.com/protocol/sdai,Yield,xDai,54986074.66,CALLBACK-UNAUTHENTICATED-CALLER-USES-APPROVALS,45,46.0,15.708,0.774,0.9337,1.05,L1_ADAPTER,_generic_family_adapter_only|family_architecture_signals_in_adapter|live_value_present,,decisive_guard_reviewed,,PRIOR_ART_SEARCH_INCOMPLETE,NO,False,,READ_VIA_REGISTRY
119,137,guru-network-classic,Guru Network Classic,https://defillama.com/protocol/guru-network-classic,Yield,Binance|Sonic|MultiVAC|Fantom|Arbitrum|Kucoin,1888996.3,SETTLEMENT-EPOCH-BOUNDARY-CREDIT,45,57.0,15.565,0.6276,0.9669,1.0,L1_ADAPTER,_generic_family_adapter_only|family_architecture_signals_in_adapter|live_value_present,,decisive_guard_reviewed,,PRIOR_ART_SEARCH_INCOMPLETE,NO,False,,READ
120,138,beefy,Beefy,https://defillama.com/protocol/beefy,Yield Aggregator,Ethereum|Binance|Base|Arbitrum|Fraxtal|Monad,125802673.23,ACC-REWARD-INDEX-INIT-AND-ORDERING,45,46.0,15.56,0.816,0.8773,1.05,L1_ADAPTER,_generic_family_adapter_only|family_architecture_signals_in_adapter|live_value_present,,decisive_guard_reviewed,,PRIOR_ART_SEARCH_INCOMPLETE,NO,False,,READ
121,139,empiredex,EmpireDEX,https://defillama.com/protocol/empiredex,Dexs,Binance|Cronos|Ethereum|xDai|Avalanche|Fantom,2676866.66,AMM-POOL-RATIO-SKEW-EXTRACTION,45,57.0,15.558,0.6428,0.9436,1.0,L1_ADAPTER,_generic_family_adapter_only|family_architecture_signals_in_adapter|live_value_present,,decisive_guard_reviewed,,PRIOR_ART_SEARCH_INCOMPLETE,NO,False,Uniswap V2,READ_VIA_REGISTRY
122,140,shimmerbridge,ShimmerBridge,https://defillama.com/protocol/shimmerbridge,Bridge,Ethereum|Avalanche|Binance|Optimism|Polygon|Arbitrum,180287.06,AUTH-MISSING-ON-VALUE-MOVING-PATH,45,62.0,15.463,0.5256,0.9586,1.1,L1_ADAPTER,_generic_family_adapter_only|family_architecture_signals_in_adapter|live_value_present,,decisive_guard_reviewed,,PRIOR_ART_SEARCH_INCOMPLETE,NO,False,,READ_VIA_REGISTRY
123,141,delea,Delea,https://defillama.com/protocol/delea,CDP,TON,2197337.06,ORACLE-VAULT-SHARE-RATE-AS-SPOT-PRICE,45,59.0,15.387,0.6342,0.9138,1.0,L1_ADAPTER,value_decision_reads_configured_feed|single_or_undeclared_oracle,feed_selection_is_configuration|failure_path_returns_usable_number|live_positions_exposed,staleness_check_reverts|deviation_bound_vs_independent_source|caps_sized_to_venue_depth,,PRIOR_ART_SEARCH_INCOMPLETE,NO,True,,READ_VIA_REGISTRY
124,142,diamondswap,Diamondswap,https://defillama.com/protocol/diamondswap,Dexs,Odyssey|Ethereum|Binance|Base|Avalanche,131423.44,CALLDATA-CALLER-CONTROLLED-TARGET,45,62.0,15.294,0.5119,0.9735,1.1,L1_ADAPTER,_generic_family_adapter_only|family_architecture_signals_in_adapter|live_value_present,,decisive_guard_reviewed,,PRIOR_ART_SEARCH_INCOMPLETE,NO,False,Uniswap V2,READ
125,143,abstradex,AbstraDEX,https://defillama.com/protocol/abstradex,Dexs,X Layer|Morph|Cronos zkEVM|ZetaChain|Zkfair|Cyber,384221.44,CALLBACK-UNAUTHENTICATED-CALLER-USES-APPROVALS,45,62.0,15.277,0.5585,0.9337,1.05,L1_ADAPTER,_generic_family_adapter_only|family_architecture_signals_in_adapter|live_value_present,,decisive_guard_reviewed,,PRIOR_ART_SEARCH_INCOMPLETE,NO,False,Uniswap V2,READ
126,144,guru-network-classic,Guru Network Classic,https://defillama.com/protocol/guru-network-classic,Yield,Binance|Sonic|MultiVAC|Fantom|Arbitrum|Kucoin,1888996.3,APPROVALS-TO-UPGRADEABLE-SPENDER,45,57.0,15.084,0.6276,0.937,1.0,L1_ADAPTER,_generic_family_adapter_only|family_architecture_signals_in_adapter|live_value_present,,decisive_guard_reviewed,,PRIOR_ART_SEARCH_INCOMPLETE,NO,False,,READ
127,145,coinbase-bridge,Coinbase Bridge,https://defillama.com/protocol/coinbase-bridge,Bridge,Bitcoin|Ripple|Doge|Cardano|Litecoin,7543184703.6,SIG-DIGEST-AMBIGUOUS-OR-UNBOUND,45,40.0,15.01,0.9878,0.8442,1.0,L1_ADAPTER,_generic_family_adapter_only|live_value_present,family_architecture_signals_in_adapter,decisive_guard_reviewed,,PRIOR_ART_SEARCH_INCOMPLETE,NO,False,,READ
128,146,rocketswap-anubis,RocketSwap Anubis,https://defillama.com/protocol/rocketswap-anubis,Dexs,Anubis,190915199.13,ACC-SPLIT-NONINVARIANT,45,41.0,14.974,0.8281,0.9801,1.0,L1_ADAPTER,_generic_family_adapter_only|family_architecture_signals_in_adapter|live_value_present,,decisive_guard_reviewed,,PRIOR_ART_SEARCH_INCOMPLETE,NO,False,Uniswap V2,READ_VIA_REGISTRY
129,147,morpho-optimizer-aavev2,Morpho Optimizer AaveV2,https://defillama.com/protocol/morpho-optimizer-aavev2,Lending,Ethereum,138237.07,ACC-MULTI-PATH-CREDIT-DRIFT,45,62.0,14.961,0.5141,0.9934,1.05,L1_ADAPTER,_generic_family_adapter_only|family_architecture_signals_in_adapter|live_value_present,,decisive_guard_reviewed,,PRIOR_ART_SEARCH_INCOMPLETE,NO,True,,READ
130,148,layerzero-v2,LayerZero V2,https://defillama.com/protocol/layerzero-v2,Bridge,Ethereum|Arbitrum|Base|Polygon|Plasma|Flare,6966756164.32,SIG-DIGEST-AMBIGUOUS-OR-UNBOUND,45,40.0,14.957,0.9843,0.8442,1.0,L1_ADAPTER,_generic_family_adapter_only|live_value_present,family_architecture_signals_in_adapter,decisive_guard_reviewed,,PRIOR_ART_SEARCH_INCOMPLETE,NO,False,,READ
131,149,hyperliquid-hlp,Hyperliquid HLP,https://defillama.com/protocol/hyperliquid-hlp,Derivatives,Hyperliquid L1,188082344.72,SIG-REPLAY-CROSS-POSITION,45,41.0,14.911,0.8274,0.9768,1.0,L1_ADAPTER,_generic_family_adapter_only|family_architecture_signals_in_adapter|live_value_present,,decisive_guard_reviewed,,PRIOR_ART_SEARCH_INCOMPLETE,NO,False,,READ
132,150,ra-exchange,Ra Exchange,https://defillama.com/protocol/ra-exchange,Dexs,Fraxtal,820660.72,ACC-SPLIT-NONINVARIANT,45,57.0,14.868,0.5914,0.9801,1.0,L1_ADAPTER,_generic_family_adapter_only|family_architecture_signals_in_adapter|live_value_present,,decisive_guard_reviewed,,PRIOR_ART_SEARCH_INCOMPLETE,NO,False,Uniswap V3,READ
133,151,guru-network-classic,Guru Network Classic,https://defillama.com/protocol/guru-network-classic,Yield,Binance|Sonic|MultiVAC|Fantom|Arbitrum|Kucoin,1888996.3,SIG-DIGEST-AMBIGUOUS-OR-UNBOUND,45,62.0,14.782,0.6276,0.8442,1.0,L1_ADAPTER,_generic_family_adapter_only|family_architecture_signals_in_adapter|live_value_present,,decisive_guard_reviewed,,PRIOR_ART_SEARCH_INCOMPLETE,NO,False,,READ
134,152,01,01,https://defillama.com/protocol/01,Derivatives,Solana,112218.55,ORACLE-STALE-OR-SILENT-FALLBACK,45,59.0,14.653,0.505,0.9503,1.15,L1_ADAPTER,value_decision_reads_configured_feed|feed_selection_is_configuration|single_or_undeclared_oracle,failure_path_returns_usable_number|live_positions_exposed,staleness_check_reverts|deviation_bound_vs_independent_source|caps_sized_to_venue_depth,,PRIOR_ART_SEARCH_INCOMPLETE,NO,False,,READ_VIA_REGISTRY
135,153,saddle-finance,Saddle Finance,https://defillama.com/protocol/saddle-finance,Dexs,Ethereum|Arbitrum|Optimism|Aurora|Fantom|Evmos,945996.78,AMM-POOL-RATIO-SKEW-EXTRACTION,45,57.0,14.612,0.6037,0.9436,1.0,L1_ADAPTER,_generic_family_adapter_only|family_architecture_signals_in_adapter|live_value_present,,decisive_guard_reviewed,,PRIOR_ART_SEARCH_INCOMPLETE,NO,True,,READ
136,154,homora-v2,Homora V2,https://defillama.com/protocol/homora-v2,Leveraged Farming,Ethereum|Binance|Avalanche|Fantom|Optimism,110273717.07,SIG-REPLAY-CROSS-POSITION,45,41.0,14.603,0.8103,0.9768,1.0,L1_ADAPTER,_generic_family_adapter_only|family_architecture_signals_in_adapter|live_value_present,,decisive_guard_reviewed,,PRIOR_ART_SEARCH_INCOMPLETE,NO,False,,READ_VIA_REGISTRY
137,155,nerve,Nerve,https://defillama.com/protocol/nerve,Dexs,Binance,1505297.21,QUOTE-OR-ROUTE-OUTPUT-NOT-BOUND-TO-ASSET,45,62.0,14.579,0.6238,0.7978,1.05,L1_ADAPTER,_generic_family_adapter_only|family_architecture_signals_in_adapter|live_value_present,,decisive_guard_reviewed,,PRIOR_ART_SEARCH_INCOMPLETE,NO,False,Saddle Finance,READ_VIA_REGISTRY
138,156,coinbase-bridge,Coinbase Bridge,https://defillama.com/protocol/coinbase-bridge,Bridge,Bitcoin|Ripple|Doge|Cardano|Litecoin,7543184703.6,APPROVALS-TO-UPGRADEABLE-SPENDER,45,35.0,14.578,0.9878,0.937,1.0,L1_ADAPTER,_generic_family_adapter_only|live_value_present,family_architecture_signals_in_adapter,decisive_guard_reviewed,,PRIOR_ART_SEARCH_INCOMPLETE,NO,False,,READ
139,157,layerzero-v2,LayerZero V2,https://defillama.com/protocol/layerzero-v2,Bridge,Ethereum|Arbitrum|Base|Polygon|Plasma|Flare,6966756164.32,APPROVALS-TO-UPGRADEABLE-SPENDER,45,35.0,14.526,0.9843,0.937,1.0,L1_ADAPTER,_generic_family_adapter_only|live_value_present,family_architecture_signals_in_adapter,decisive_guard_reviewed,,PRIOR_ART_SEARCH_INCOMPLETE,NO,False,,READ
140,158,rocketswap-anubis,RocketSwap Anubis,https://defillama.com/protocol/rocketswap-anubis,Dexs,Anubis,190915199.13,AMM-POOL-RATIO-SKEW-EXTRACTION,45,41.0,14.417,0.8281,0.9436,1.0,L1_ADAPTER,_generic_family_adapter_only|family_architecture_signals_in_adapter|live_value_present,,decisive_guard_reviewed,,PRIOR_ART_SEARCH_INCOMPLETE,NO,False,Uniswap V2,READ_VIA_REGISTRY
141,159,rocketswap-anubis,RocketSwap Anubis,https://defillama.com/protocol/rocketswap-anubis,Dexs,Anubis,190915199.13,QUOTE-OR-ROUTE-OUTPUT-NOT-BOUND-TO-ASSET,45,46.0,14.359,0.8281,0.7978,1.05,L1_ADAPTER,_generic_family_adapter_only|family_architecture_signals_in_adapter|live_value_present,,decisive_guard_reviewed,,PRIOR_ART_SEARCH_INCOMPLETE,NO,False,Uniswap V2,READ_VIA_REGISTRY
142,160,justcryptos,JustCryptos,https://defillama.com/protocol/justcryptos,Bridge,Tron,2537480975.42,SIG-DIGEST-AMBIGUOUS-OR-UNBOUND,45,40.0,14.29,0.9404,0.8442,1.0,L1_ADAPTER,_generic_family_adapter_only|live_value_present,family_architecture_signals_in_adapter,decisive_guard_reviewed,,PRIOR_ART_SEARCH_INCOMPLETE,NO,False,,READ
143,161,tarot,Tarot,https://defillama.com/protocol/tarot,Lending,Base|Optimism|Fantom|Binance|Linea|Avalanche,583968.6,ORACLE-VAULT-SHARE-RATE-AS-SPOT-PRICE,45,59.0,14.137,0.5827,0.9138,1.0,L1_ADAPTER,value_decision_reads_configured_feed|single_or_undeclared_oracle,feed_selection_is_configuration|failure_path_returns_usable_number|live_positions_exposed,staleness_check_reverts|deviation_bound_vs_independent_source|caps_sized_to_venue_depth,,PRIOR_ART_SEARCH_INCOMPLETE,NO,False,Impermax V2,READ
144,162,marginfi-lending,marginfi Lending,https://defillama.com/protocol/marginfi-lending,Lending,Solana,32016008.68,ACC-MULTI-PATH-CREDIT-DRIFT,45,40.0,14.091,0.7505,0.9934,1.05,L1_ADAPTER,_generic_family_adapter_only|live_value_present,family_architecture_signals_in_adapter,decisive_guard_reviewed,,PRIOR_ART_SEARCH_INCOMPLETE,NO,True,,READ
145,163,homora-v2,Homora V2,https://defillama.com/protocol/homora-v2,Leveraged Farming,Ethereum|Binance|Avalanche|Fantom|Optimism,110273717.07,QUOTE-OR-ROUTE-OUTPUT-NOT-BOUND-TO-ASSET,45,46.0,14.051,0.8103,0.7978,1.05,L1_ADAPTER,_generic_family_adapter_only|family_architecture_signals_in_adapter|live_value_present,,decisive_guard_reviewed,,PRIOR_ART_SEARCH_INCOMPLETE,NO,False,,READ_VIA_REGISTRY
146,164,abstradex,AbstraDEX,https://defillama.com/protocol/abstradex,Dexs,X Layer|Morph|Cronos zkEVM|ZetaChain|Zkfair|Cyber,384221.44,ACC-SPLIT-NONINVARIANT,45,57.0,14.04,0.5585,0.9801,1.0,L1_ADAPTER,_generic_family_adapter_only|family_architecture_signals_in_adapter|live_value_present,,decisive_guard_reviewed,,PRIOR_ART_SEARCH_INCOMPLETE,NO,False,Uniswap V2,READ
147,165,01,01,https://defillama.com/protocol/01,Derivatives,Solana,112218.55,LIQUIDATION-ON-MANIPULABLE-VALUATION,45,59.0,13.99,0.505,0.9486,1.1,L1_ADAPTER,value_decision_reads_configured_feed|feed_selection_is_configuration|single_or_undeclared_oracle,failure_path_returns_usable_number|live_positions_exposed,staleness_check_reverts|deviation_bound_vs_independent_source|caps_sized_to_venue_depth,,PRIOR_ART_SEARCH_INCOMPLETE,NO,False,,READ_VIA_REGISTRY
148,166,sdai,sDAI,https://defillama.com/protocol/sdai,Yield,xDai,54986074.66,SIG-REPLAY-CROSS-POSITION,45,41.0,13.949,0.774,0.9768,1.0,L1_ADAPTER,_generic_family_adapter_only|family_architecture_signals_in_adapter|live_value_present,,decisive_guard_reviewed,,PRIOR_ART_SEARCH_INCOMPLETE,NO,False,,READ_VIA_REGISTRY
149,167,raydium-amm,Raydium AMM,https://defillama.com/protocol/raydium-amm,Dexs,Solana,1056329581.93,ACC-SPLIT-NONINVARIANT,45,35.0,13.93,0.9024,0.9801,1.0,L1_ADAPTER,_generic_family_adapter_only|live_value_present,family_architecture_signals_in_adapter,decisive_guard_reviewed,,PRIOR_ART_SEARCH_INCOMPLETE,NO,False,,READ
150,168,nado-spot,Nado Spot,https://defillama.com/protocol/nado-spot,Dexs,Ink,50146335.92,ACC-SPLIT-NONINVARIANT,45,41.0,13.924,0.77,0.9801,1.0,L1_ADAPTER,_generic_family_adapter_only|family_architecture_signals_in_adapter|live_value_present,,decisive_guard_reviewed,,PRIOR_ART_SEARCH_INCOMPLETE,NO,False,,READ_VIA_REGISTRY
151,169,justcryptos,JustCryptos,https://defillama.com/protocol/justcryptos,Bridge,Tron,2537480975.42,APPROVALS-TO-UPGRADEABLE-SPENDER,45,35.0,13.878,0.9404,0.937,1.0,L1_ADAPTER,_generic_family_adapter_only|live_value_present,family_architecture_signals_in_adapter,decisive_guard_reviewed,,PRIOR_ART_SEARCH_INCOMPLETE,NO,False,,READ
152,170,hyperlane,Hyperlane,https://defillama.com/protocol/hyperlane,Cross Chain Bridge,Binance|Ethereum|Base|Arbitrum|Optimism|Polygon,90253093.43,ASSET-OR-MARKET-IDENTITY-NOT-VALIDATED,45,40.0,13.845,0.7955,0.879,1.1,L1_ADAPTER,_generic_family_adapter_only|family_architecture_signals_in_adapter|live_value_present,,decisive_guard_reviewed,,PRIOR_ART_SEARCH_INCOMPLETE,NO,False,,READ
153,171,sdai,sDAI,https://defillama.com/protocol/sdai,Yield,xDai,54986074.66,SETTLEMENT-EPOCH-BOUNDARY-CREDIT,45,41.0,13.808,0.774,0.9669,1.0,L1_ADAPTER,_generic_family_adapter_only|family_architecture_signals_in_adapter|live_value_present,,decisive_guard_reviewed,,PRIOR_ART_SEARCH_INCOMPLETE,NO,False,,READ_VIA_REGISTRY
154,172,counterstake,Counterstake,https://defillama.com/protocol/counterstake,Cross Chain Bridge,Obyte|Ethereum|Binance|Polygon|Kava,465661.33,BRIDGE-MESSAGE-NOT-BOUND-TO-SOURCE,45,46.0,13.777,0.5668,0.9785,1.2,L1_ADAPTER,_generic_family_adapter_only|family_architecture_signals_in_adapter|live_value_present,,decisive_guard_reviewed,,PRIOR_ART_SEARCH_INCOMPLETE,NO,False,,READ
155,173,guru-network-classic,Guru Network Classic,https://defillama.com/protocol/guru-network-classic,Yield,Binance|Sonic|MultiVAC|Fantom|Arbitrum|Kucoin,1888996.3,INCENTIVE-PER-ADDRESS-NO-SYBIL-COST,45,57.0,13.723,0.6276,0.8525,1.0,L1_ADAPTER,_generic_family_adapter_only|family_architecture_signals_in_adapter|live_value_present,,decisive_guard_reviewed,,PRIOR_ART_SEARCH_INCOMPLETE,NO,False,,READ
156,174,kaio,KAIO,https://defillama.com/protocol/kaio,RWA,Sei|Aptos|Immutable zkEVM|Sui|Near|Avalanche,41282216.2,SETTLEMENT-EPOCH-BOUNDARY-CREDIT,45,41.0,13.586,0.7616,0.9669,1.0,L1_ADAPTER,_generic_family_adapter_only|family_architecture_signals_in_adapter|live_value_present,,decisive_guard_reviewed,,PRIOR_ART_SEARCH_INCOMPLETE,NO,False,,READ
157,175,vitex,ViteX,https://defillama.com/protocol/vitex,Dexs,Vite,4944710.11,CALLBACK-UNAUTHENTICATED-CALLER-USES-APPROVALS,45,46.0,13.585,0.6694,0.9337,1.05,L1_ADAPTER,_generic_family_adapter_only|family_architecture_signals_in_adapter|live_value_present,,decisive_guard_reviewed,,PRIOR_ART_SEARCH_INCOMPLETE,NO,False,,READ_VIA_REGISTRY
158,176,abstradex,AbstraDEX,https://defillama.com/protocol/abstradex,Dexs,X Layer|Morph|Cronos zkEVM|ZetaChain|Zkfair|Cyber,384221.44,AMM-POOL-RATIO-SKEW-EXTRACTION,45,57.0,13.518,0.5585,0.9436,1.0,L1_ADAPTER,_generic_family_adapter_only|family_architecture_signals_in_adapter|live_value_present,,decisive_guard_reviewed,,PRIOR_ART_SEARCH_INCOMPLETE,NO,False,Uniswap V2,READ
159,177,abstradex,AbstraDEX,https://defillama.com/protocol/abstradex,Dexs,X Layer|Morph|Cronos zkEVM|ZetaChain|Zkfair|Cyber,384221.44,APPROVALS-TO-UPGRADEABLE-SPENDER,45,57.0,13.423,0.5585,0.937,1.0,L1_ADAPTER,_generic_family_adapter_only|family_architecture_signals_in_adapter|live_value_present,,decisive_guard_reviewed,,PRIOR_ART_SEARCH_INCOMPLETE,NO,False,Uniswap V2,READ
160,178,poly-network,Poly Network,https://defillama.com/protocol/poly-network,Bridge,Ethereum|Binance|NEO|Heco|Neo3|Boba,44728247.74,SIG-DIGEST-AMBIGUOUS-OR-UNBOUND,45,46.0,13.37,0.7651,0.8442,1.0,L1_ADAPTER,_generic_family_adapter_only|family_architecture_signals_in_adapter|live_value_present,,decisive_guard_reviewed,,PRIOR_ART_SEARCH_INCOMPLETE,NO,False,,READ_VIA_REGISTRY
161,179,lista-dex,Lista DEX,https://defillama.com/protocol/lista-dex,Dexs,Binance|Ethereum,39003138.37,ASSET-OR-MARKET-IDENTITY-NOT-VALIDATED,45,40.0,13.212,0.7591,0.879,1.1,L1_ADAPTER,_generic_family_adapter_only|live_value_present,family_architecture_signals_in_adapter,decisive_guard_reviewed,,PRIOR_ART_SEARCH_INCOMPLETE,NO,False,,READ
162,180,abstradex,AbstraDEX,https://defillama.com/protocol/abstradex,Dexs,X Layer|Morph|Cronos zkEVM|ZetaChain|Zkfair|Cyber,384221.44,SIG-DIGEST-AMBIGUOUS-OR-UNBOUND,45,62.0,13.154,0.5585,0.8442,1.0,L1_ADAPTER,_generic_family_adapter_only|family_architecture_signals_in_adapter|live_value_present,,decisive_guard_reviewed,,PRIOR_ART_SEARCH_INCOMPLETE,NO,False,Uniswap V2,READ
163,181,counterstake,Counterstake,https://defillama.com/protocol/counterstake,Cross Chain Bridge,Obyte|Ethereum|Binance|Polygon|Kava,465661.33,PROOF-VERIFICATION-BYPASSED,45,46.0,12.89,0.5668,0.9155,1.2,L1_ADAPTER,_generic_family_adapter_only|family_architecture_signals_in_adapter|live_value_present,,decisive_guard_reviewed,,PRIOR_ART_SEARCH_INCOMPLETE,NO,False,,READ
164,182,acryptos,ACryptoS,https://defillama.com/protocol/acryptos,Liquidity Manager,Binance|Arbitrum|Avalanche|Base|Astar|Linea,10538192.06,CALLBACK-STATE-LOCK-INCOMPLETE,45,40.0,12.877,0.7083,0.9619,1.05,L1_ADAPTER,_generic_family_adapter_only|live_value_present,family_architecture_signals_in_adapter,decisive_guard_reviewed,,PRIOR_ART_SEARCH_INCOMPLETE,NO,False,,READ
165,183,agave,Agave,https://defillama.com/protocol/agave,Lending,xDai,88695.2,ACC-REWARD-INDEX-INIT-AND-ORDERING,45,62.0,12.873,0.5009,0.8773,1.05,L1_ADAPTER,_generic_family_adapter_only|family_architecture_signals_in_adapter|live_value_present,,decisive_guard_reviewed,,PRIOR_ART_SEARCH_INCOMPLETE,NO,True,Aave V2,READ
166,184,orion-pools,Orion Pools,https://defillama.com/protocol/orion-pools,Dexs,Binance|Ethereum|Polygon|Fantom,274685.41,QUOTE-OR-ROUTE-OUTPUT-NOT-BOUND-TO-ASSET,45,62.0,12.712,0.5439,0.7978,1.05,L1_ADAPTER,_generic_family_adapter_only|family_architecture_signals_in_adapter|live_value_present,,decisive_guard_reviewed,,PRIOR_ART_SEARCH_INCOMPLETE,NO,False,Uniswap V2,READ
167,185,shimmerbridge,ShimmerBridge,https://defillama.com/protocol/shimmerbridge,Bridge,Ethereum|Avalanche|Binance|Optimism|Polygon|Arbitrum,180287.06,APPROVALS-TO-UPGRADEABLE-SPENDER,45,57.0,12.632,0.5256,0.937,1.0,L1_ADAPTER,_generic_family_adapter_only|family_architecture_signals_in_adapter|live_value_present,,decisive_guard_reviewed,,PRIOR_ART_SEARCH_INCOMPLETE,NO,False,,READ_VIA_REGISTRY
168,186,quickswap-v3,Quickswap V3,https://defillama.com/protocol/quickswap-v3,Dexs,Immutable zkEVM|Polygon|Manta|Soneium|X Layer|Dogechain,17574976.56,APPROVALS-TO-UPGRADEABLE-SPENDER,45,41.0,12.525,0.7245,0.937,1.0,L1_ADAPTER,_generic_family_adapter_only|family_architecture_signals_in_adapter|live_value_present,,decisive_guard_reviewed,,PRIOR_ART_SEARCH_INCOMPLETE,NO,False,Algebra DEX,READ_VIA_REGISTRY
169,188,midas-rwa,Midas RWA,https://defillama.com/protocol/midas-rwa,RWA,Ethereum|Monad|Hyperliquid L1|Arbitrum|Plasma|Etherlink,152751002.19,SETTLEMENT-EPOCH-BOUNDARY-CREDIT,45,35.0,12.463,0.8184,0.9669,1.0,L1_ADAPTER,_generic_family_adapter_only|live_value_present,family_architecture_signals_in_adapter,decisive_guard_reviewed,,PRIOR_ART_SEARCH_INCOMPLETE,NO,False,,READ
170,189,splice-finance,Splice Finance,https://defillama.com/protocol/splice-finance,Yield,Blast|Mode,490429.9,INCENTIVE-PER-ADDRESS-NO-SYBIL-COST,45,57.0,12.444,0.5691,0.8525,1.0,L1_ADAPTER,_generic_family_adapter_only|family_architecture_signals_in_adapter|live_value_present,,decisive_guard_reviewed,,PRIOR_ART_SEARCH_INCOMPLETE,NO,False,Pendle,READ
171,190,shimmerbridge,ShimmerBridge,https://defillama.com/protocol/shimmerbridge,Bridge,Ethereum|Avalanche|Binance|Optimism|Polygon|Arbitrum,180287.06,SIG-DIGEST-AMBIGUOUS-OR-UNBOUND,45,62.0,12.38,0.5256,0.8442,1.0,L1_ADAPTER,_generic_family_adapter_only|family_architecture_signals_in_adapter|live_value_present,,decisive_guard_reviewed,,PRIOR_ART_SEARCH_INCOMPLETE,NO,False,,READ_VIA_REGISTRY
172,192,sdai,sDAI,https://defillama.com/protocol/sdai,Yield,xDai,54986074.66,INCENTIVE-PER-ADDRESS-NO-SYBIL-COST,45,41.0,12.174,0.774,0.8525,1.0,L1_ADAPTER,_generic_family_adapter_only|family_architecture_signals_in_adapter|live_value_present,,decisive_guard_reviewed,,PRIOR_ART_SEARCH_INCOMPLETE,NO,False,,READ_VIA_REGISTRY
173,193,vitex,ViteX,https://defillama.com/protocol/vitex,Dexs,Vite,4944710.11,ACC-SPLIT-NONINVARIANT,45,41.0,12.105,0.6694,0.9801,1.0,L1_ADAPTER,_generic_family_adapter_only|family_architecture_signals_in_adapter|live_value_present,,decisive_guard_reviewed,,PRIOR_ART_SEARCH_INCOMPLETE,NO,False,,READ_VIA_REGISTRY
174,194,diamondswap,Diamondswap,https://defillama.com/protocol/diamondswap,Dexs,Odyssey|Ethereum|Binance|Base|Avalanche,131423.44,QUOTE-OR-ROUTE-OUTPUT-NOT-BOUND-TO-ASSET,45,62.0,11.964,0.5119,0.7978,1.05,L1_ADAPTER,_generic_family_adapter_only|family_architecture_signals_in_adapter|live_value_present,,decisive_guard_reviewed,,PRIOR_ART_SEARCH_INCOMPLETE,NO,False,Uniswap V2,READ
175,195,polynomial-trade,Polynomial Trade,https://defillama.com/protocol/polynomial-trade,Derivatives,Optimism|Polynomial,4749446.78,SETTLEMENT-EPOCH-BOUNDARY-CREDIT,45,41.0,11.911,0.6677,0.9669,1.0,L1_ADAPTER,_generic_family_adapter_only|family_architecture_signals_in_adapter|live_value_present,,decisive_guard_reviewed,,PRIOR_ART_SEARCH_INCOMPLETE,NO,True,,READ_VIA_REGISTRY
176,196,marginfi-lst,marginfi LST,https://defillama.com/protocol/marginfi-lst,Liquid Staking,Solana,9394182.03,ACC-REWARD-INDEX-INIT-AND-ORDERING,45,40.0,11.562,0.6973,0.8773,1.05,L1_ADAPTER,_generic_family_adapter_only|live_value_present,family_architecture_signals_in_adapter,decisive_guard_reviewed,,PRIOR_ART_SEARCH_INCOMPLETE,NO,True,,READ
177,197,btngroup,BtnGroup,https://defillama.com/protocol/btngroup,Yield,Secret,164612.76,CALLDATA-CALLER-CONTROLLED-TARGET,45,46.0,11.562,0.5216,0.9735,1.1,L1_ADAPTER,_generic_family_adapter_only|family_architecture_signals_in_adapter|live_value_present,,decisive_guard_reviewed,,PRIOR_ART_SEARCH_INCOMPLETE,NO,False,,READ_VIA_REGISTRY
178,198,lista-dex,Lista DEX,https://defillama.com/protocol/lista-dex,Dexs,Binance|Ethereum,39003138.37,QUOTE-OR-ROUTE-OUTPUT-NOT-BOUND-TO-ASSET,45,40.0,11.446,0.7591,0.7978,1.05,L1_ADAPTER,_generic_family_adapter_only|live_value_present,family_architecture_signals_in_adapter,decisive_guard_reviewed,,PRIOR_ART_SEARCH_INCOMPLETE,NO,False,,READ
179,199,counterstake,Counterstake,https://defillama.com/protocol/counterstake,Cross Chain Bridge,Obyte|Ethereum|Binance|Polygon|Kava,465661.33,ASSET-OR-MARKET-IDENTITY-NOT-VALIDATED,45,46.0,11.344,0.5668,0.879,1.1,L1_ADAPTER,_generic_family_adapter_only|family_architecture_signals_in_adapter|live_value_present,,decisive_guard_reviewed,,PRIOR_ART_SEARCH_INCOMPLETE,NO,False,,READ
180,200,rakeoff,Rakeoff,https://defillama.com/protocol/rakeoff,Staking Pool,ICP,6444329.37,ACC-REWARD-INDEX-INIT-AND-ORDERING,45,40.0,11.29,0.6809,0.8773,1.05,L1_ADAPTER,_generic_family_adapter_only|live_value_present,family_architecture_signals_in_adapter,decisive_guard_reviewed,,PRIOR_ART_SEARCH_INCOMPLETE,NO,True,,READ
181,203,pinksale,PinkSale,https://defillama.com/protocol/pinksale,Launchpad,Binance|Ethereum|Polygon|Cronos|Avalanche|Fantom,161474384.04,INCENTIVE-PER-ADDRESS-NO-SYBIL-COST,45,35.0,11.021,0.8208,0.8525,1.0,L1_ADAPTER,_generic_family_adapter_only|live_value_present,family_architecture_signals_in_adapter,decisive_guard_reviewed,,PRIOR_ART_SEARCH_INCOMPLETE,NO,False,,READ
182,206,coin8,Coin8,https://defillama.com/protocol/coin8,CEX,Bitcoin|Ethereum|Binance|Tron|Arbitrum|Solana,45865399.76,AUTH-MISSING-ON-VALUE-MOVING-PATH,45,30.0,10.906,0.7661,0.9586,1.1,L1_ADAPTER,_generic_family_adapter_only|live_value_present,family_architecture_signals_in_adapter,decisive_guard_reviewed,,PRIOR_ART_SEARCH_INCOMPLETE,NO,False,,ADAPTER_MISSING
183,207,acryptos,ACryptoS,https://defillama.com/protocol/acryptos,Liquidity Manager,Binance|Arbitrum|Avalanche|Base|Astar|Linea,10538192.06,SIG-REPLAY-CROSS-POSITION,45,35.0,10.897,0.7083,0.9768,1.0,L1_ADAPTER,_generic_family_adapter_only|live_value_present,family_architecture_signals_in_adapter,decisive_guard_reviewed,,PRIOR_ART_SEARCH_INCOMPLETE,NO,False,,READ
184,213,btngroup,BtnGroup,https://defillama.com/protocol/btngroup,Yield,Secret,164612.76,SIG-REPLAY-CROSS-POSITION,45,41.0,9.4,0.5216,0.9768,1.0,L1_ADAPTER,_generic_family_adapter_only|family_architecture_signals_in_adapter|live_value_present,,decisive_guard_reviewed,,PRIOR_ART_SEARCH_INCOMPLETE,NO,False,,READ_VIA_REGISTRY
185,214,btngroup,BtnGroup,https://defillama.com/protocol/btngroup,Yield,Secret,164612.76,SETTLEMENT-EPOCH-BOUNDARY-CREDIT,45,41.0,9.305,0.5216,0.9669,1.0,L1_ADAPTER,_generic_family_adapter_only|family_architecture_signals_in_adapter|live_value_present,,decisive_guard_reviewed,,PRIOR_ART_SEARCH_INCOMPLETE,NO,False,,READ_VIA_REGISTRY
186,215,hord,Hord,https://defillama.com/protocol/hord,Liquid Staking,Ethereum,360731.41,ACC-REWARD-INDEX-INIT-AND-ORDERING,45,40.0,9.214,0.5557,0.8773,1.05,L1_ADAPTER,_generic_family_adapter_only|live_value_present,family_architecture_signals_in_adapter,decisive_guard_reviewed,,PRIOR_ART_SEARCH_INCOMPLETE,NO,True,,READ
187,216,rakeoff,Rakeoff,https://defillama.com/protocol/rakeoff,Staking Pool,ICP,6444329.37,INCENTIVE-PER-ADDRESS-NO-SYBIL-COST,45,35.0,9.142,0.6809,0.8525,1.0,L1_ADAPTER,_generic_family_adapter_only|live_value_present,family_architecture_signals_in_adapter,decisive_guard_reviewed,,PRIOR_ART_SEARCH_INCOMPLETE,NO,True,,READ
188,217,01,01,https://defillama.com/protocol/01,Derivatives,Solana,112218.55,SETTLEMENT-EPOCH-BOUNDARY-CREDIT,45,41.0,9.009,0.505,0.9669,1.0,L1_ADAPTER,_generic_family_adapter_only|family_architecture_signals_in_adapter|live_value_present,,decisive_guard_reviewed,,PRIOR_ART_SEARCH_INCOMPLETE,NO,False,,READ_VIA_REGISTRY
189,219,armada,Armada,https://defillama.com/protocol/armada,Liquidity Manager,Solana,519889.68,SIG-REPLAY-CROSS-POSITION,45,35.0,8.794,0.5716,0.9768,1.0,L1_ADAPTER,_generic_family_adapter_only|live_value_present,family_architecture_signals_in_adapter,decisive_guard_reviewed,,PRIOR_ART_SEARCH_INCOMPLETE,NO,False,,READ
190,220,deeplock,DeepLock,https://defillama.com/protocol/deeplock,Launchpad,Binance,2241350.27,INCENTIVE-PER-ADDRESS-NO-SYBIL-COST,45,35.0,8.527,0.6351,0.8525,1.0,L1_ADAPTER,_generic_family_adapter_only|live_value_present,family_architecture_signals_in_adapter,decisive_guard_reviewed,,PRIOR_ART_SEARCH_INCOMPLETE,NO,False,,READ
191,223,viva,Viva,https://defillama.com/protocol/viva,Yield,Vite,80730.46,INCENTIVE-PER-ADDRESS-NO-SYBIL-COST,45,41.0,7.718,0.4907,0.8525,1.0,L1_ADAPTER,_generic_family_adapter_only|family_architecture_signals_in_adapter|live_value_present,,decisive_guard_reviewed,,PRIOR_ART_SEARCH_INCOMPLETE,NO,False,,READ_VIA_REGISTRY
192,47,clearstar,Clearstar,https://defillama.com/protocol/clearstar,Risk Curators,Base|Flare|Ethereum|Monad|Hyperliquid L1|Starknet,206091387.18,ACC-NAV-SHAREPRICE-MANIPULABLE,44.5,62.0,22.209,0.8314,0.9221,1.05,L2_DEPLOYMENT,multi_component_totalAssets,component_valuation_externally_influenceable|live_pooled_depositor_value|deposit_and_redeem_reachable,per_block_share_price_cap|component_valuation_deviation_bound,,PRIOR_ART_SEARCH_INCOMPLETE,NO,False,,READ_VIA_REGISTRY
193,22,lido,Lido,https://defillama.com/protocol/lido,Liquid Staking,Ethereum|Solana|Terra|Moonriver|Moonbeam,23256609669.22,GOV-CHEAP-CONTROL-NO-TIMELOCK,42.5,62.0,28.319,1.0427,0.937,1.1,L3_STATE,governance_can_move_value_mint_or_upgrade|live_value_or_approvals_reachable_by_governance,decisive_voting_power_cheaper_than_controlled_value|no_timelock_or_timelock_shorter_than_response_window,timelock_plus_guardian_veto|quorum_scaled_to_controlled_value,,PRIOR_ART_SEARCH_INCOMPLETE,YES,False,,READ
194,46,stake-dao,Stake DAO,https://defillama.com/protocol/stake-dao,Yield,Ethereum|Base|Fraxtal|Arbitrum|Polygon|Optimism,138809701.25,GOV-CHEAP-CONTROL-NO-TIMELOCK,42.5,62.0,22.278,0.8203,0.937,1.1,L3_STATE,governance_can_move_value_mint_or_upgrade|live_value_or_approvals_reachable_by_governance,decisive_voting_power_cheaper_than_controlled_value|no_timelock_or_timelock_shorter_than_response_window,timelock_plus_guardian_veto|quorum_scaled_to_controlled_value,,PRIOR_ART_SEARCH_INCOMPLETE,NO,False,,READ
195,63,gearbox,Gearbox,https://defillama.com/protocol/gearbox,Lending,Ethereum|Etherlink|Monad|Plasma|Hemi|Arbitrum,21850471.72,GOV-CHEAP-CONTROL-NO-TIMELOCK,42.5,62.0,20.098,0.74,0.937,1.1,L3_STATE,governance_can_move_value_mint_or_upgrade|live_value_or_approvals_reachable_by_governance,decisive_voting_power_cheaper_than_controlled_value|no_timelock_or_timelock_shorter_than_response_window,timelock_plus_guardian_veto|quorum_scaled_to_controlled_value,,PRIOR_ART_SEARCH_INCOMPLETE,NO,False,,READ
196,87,pickle,Pickle,https://defillama.com/protocol/pickle,Yield Aggregator,Ethereum|Polygon|Optimism|Aurora|Arbitrum|Metis,4790936.11,GOV-CHEAP-CONTROL-NO-TIMELOCK,42.5,62.0,18.308,0.6741,0.937,1.1,L3_STATE,governance_can_move_value_mint_or_upgrade|live_value_or_approvals_reachable_by_governance,decisive_voting_power_cheaper_than_controlled_value|no_timelock_or_timelock_shorter_than_response_window,timelock_plus_guardian_veto|quorum_scaled_to_controlled_value,,PRIOR_ART_SEARCH_INCOMPLETE,NO,False,,READ
197,110,nerve,Nerve,https://defillama.com/protocol/nerve,Dexs,Binance,1505297.21,GOV-CHEAP-CONTROL-NO-TIMELOCK,42.5,62.0,16.942,0.6238,0.937,1.1,L3_STATE,governance_can_move_value_mint_or_upgrade|live_value_or_approvals_reachable_by_governance,decisive_voting_power_cheaper_than_controlled_value|no_timelock_or_timelock_shorter_than_response_window,timelock_plus_guardian_veto|quorum_scaled_to_controlled_value,,PRIOR_ART_SEARCH_INCOMPLETE,NO,False,Saddle Finance,READ_VIA_REGISTRY
198,117,beefy,Beefy,https://defillama.com/protocol/beefy,Yield Aggregator,Ethereum|Binance|Base|Arbitrum|Fraxtal|Monad,125802673.23,GOV-CHEAP-CONTROL-NO-TIMELOCK,42.5,46.0,16.443,0.816,0.937,1.1,L1_ADAPTER,governance_can_move_value_mint_or_upgrade|live_value_or_approvals_reachable_by_governance,decisive_voting_power_cheaper_than_controlled_value|no_timelock_or_timelock_shorter_than_response_window,timelock_plus_guardian_veto|quorum_scaled_to_controlled_value,,PRIOR_ART_SEARCH_INCOMPLETE,NO,False,,READ
199,119,saddle-finance,Saddle Finance,https://defillama.com/protocol/saddle-finance,Dexs,Ethereum|Arbitrum|Optimism|Aurora|Fantom|Evmos,945996.78,GOV-CHEAP-CONTROL-NO-TIMELOCK,42.5,62.0,16.396,0.6037,0.937,1.1,L3_STATE,governance_can_move_value_mint_or_upgrade|live_value_or_approvals_reachable_by_governance,decisive_voting_power_cheaper_than_controlled_value|no_timelock_or_timelock_shorter_than_response_window,timelock_plus_guardian_veto|quorum_scaled_to_controlled_value,,PRIOR_ART_SEARCH_INCOMPLETE,NO,True,,READ
200,120,piedao,PieDAO,https://defillama.com/protocol/piedao,Indexes,Ethereum,939185.73,GOV-CHEAP-CONTROL-NO-TIMELOCK,42.5,62.0,16.385,0.6033,0.937,1.1,L3_STATE,governance_can_move_value_mint_or_upgrade|live_value_or_approvals_reachable_by_governance,decisive_voting_power_cheaper_than_controlled_value|no_timelock_or_timelock_shorter_than_response_window,timelock_plus_guardian_veto|quorum_scaled_to_controlled_value,,PRIOR_ART_SEARCH_INCOMPLETE,NO,False,,READ
201,122,homora-v2,Homora V2,https://defillama.com/protocol/homora-v2,Leveraged Farming,Ethereum|Binance|Avalanche|Fantom|Optimism,110273717.07,GOV-CHEAP-CONTROL-NO-TIMELOCK,42.5,46.0,16.328,0.8103,0.937,1.1,L1_ADAPTER,governance_can_move_value_mint_or_upgrade|live_value_or_approvals_reachable_by_governance,decisive_voting_power_cheaper_than_controlled_value|no_timelock_or_timelock_shorter_than_response_window,timelock_plus_guardian_veto|quorum_scaled_to_controlled_value,,PRIOR_ART_SEARCH_INCOMPLETE,NO,False,,READ_VIA_REGISTRY
202,18,grove-finance,Grove Finance,https://defillama.com/protocol/grove-finance,Onchain Capital Allocator,Ethereum|Base|Avalanche|Plume Mainnet,2387522579.17,ORACLE-STALE-OR-SILENT-FALLBACK,40.0,75.0,30.746,0.9378,0.9503,1.15,L3_STATE,single_or_undeclared_oracle,value_decision_reads_configured_feed|feed_selection_is_configuration|failure_path_returns_usable_number|live_positions_exposed,staleness_check_reverts|deviation_bound_vs_independent_source|caps_sized_to_venue_depth,,PRIOR_ART_SEARCH_INCOMPLETE,NO,False,,READ
203,20,stake-dao,Stake DAO,https://defillama.com/protocol/stake-dao,Yield,Ethereum|Base|Fraxtal|Arbitrum|Polygon|Optimism,138809701.25,ORACLE-SPOT-THIN-LIQUIDITY,40.0,75.0,29.188,0.8203,0.9884,1.2,L3_STATE,single_or_undeclared_oracle,value_decision_reads_configured_feed|feed_selection_is_configuration|failure_path_returns_usable_number|live_positions_exposed,staleness_check_reverts|deviation_bound_vs_independent_source|caps_sized_to_venue_depth,,PRIOR_ART_SEARCH_INCOMPLETE,YES,False,,READ
204,21,yield-basis,Yield Basis,https://defillama.com/protocol/yield-basis,Leveraged Farming,Ethereum,156332797.07,ORACLE-SPOT-THIN-LIQUIDITY,40.0,75.0,29.156,0.8194,0.9884,1.2,L3_STATE,single_or_undeclared_oracle,value_decision_reads_configured_feed|feed_selection_is_configuration|failure_path_returns_usable_number|live_positions_exposed,staleness_check_reverts|deviation_bound_vs_independent_source|caps_sized_to_venue_depth,,PRIOR_ART_SEARCH_INCOMPLETE,YES,False,,READ
205,23,ether.fi-liquid,ether.fi Liquid,https://defillama.com/protocol/ether.fi-liquid,Onchain Capital Allocator,Ethereum,388960570.94,ORACLE-STALE-OR-SILENT-FALLBACK,40.0,75.0,28.163,0.859,0.9503,1.15,L3_STATE,single_or_undeclared_oracle,value_decision_reads_configured_feed|feed_selection_is_configuration|failure_path_returns_usable_number|live_positions_exposed,staleness_check_reverts|deviation_bound_vs_independent_source|caps_sized_to_venue_depth,,PRIOR_ART_SEARCH_INCOMPLETE,YES,False,,READ
206,42,singular-farm,Singular Farm,https://defillama.com/protocol/singular-farm,Yield,Binance|Polygon|Avalanche|Fantom,2079499.6,ORACLE-SPOT-THIN-LIQUIDITY,40.0,75.0,22.481,0.6318,0.9884,1.2,L3_STATE,single_or_undeclared_oracle,value_decision_reads_configured_feed|feed_selection_is_configuration|failure_path_returns_usable_number|live_positions_exposed,staleness_check_reverts|deviation_bound_vs_independent_source|caps_sized_to_venue_depth,,PRIOR_ART_SEARCH_INCOMPLETE,NO,False,,READ
207,70,hope-collateral,HOPE Collateral,https://defillama.com/protocol/hope-collateral,Basis Trading,Bitcoin|Ethereum,1571979.59,LIQUIDATION-ON-MANIPULABLE-VALUATION,40.0,75.0,19.396,0.6196,0.9486,1.1,L3_STATE,single_or_undeclared_oracle,value_decision_reads_configured_feed|feed_selection_is_configuration|failure_path_returns_usable_number|live_positions_exposed,staleness_check_reverts|deviation_bound_vs_independent_source|caps_sized_to_venue_depth,,PRIOR_ART_SEARCH_INCOMPLETE,NO,False,,READ_VIA_REGISTRY
208,111,layerzero-v2,LayerZero V2,https://defillama.com/protocol/layerzero-v2,Bridge,Ethereum|Arbitrum|Base|Polygon|Plasma|Flare,6966756164.32,UPGRADE-OLD-DEPLOYMENT-LIVE-AUTHORITY,40.0,40.0,16.831,0.9843,0.8906,1.2,L1_ADAPTER,still_holds_value_or_authority,prior_version_still_callable|unmaintained_or_differing_code_path|not_paused,paused_and_drained|approvals_revoked,,PRIOR_ART_SEARCH_INCOMPLETE,NO,False,,READ
209,187,delea,Delea,https://defillama.com/protocol/delea,CDP,TON,2197337.06,UPGRADE-OLD-DEPLOYMENT-LIVE-AUTHORITY,40.0,46.0,12.471,0.6342,0.8906,1.2,L1_ADAPTER,still_holds_value_or_authority,prior_version_still_callable|unmaintained_or_differing_code_path|not_paused,paused_and_drained|approvals_revoked,,PRIOR_ART_SEARCH_INCOMPLETE,NO,True,,READ_VIA_REGISTRY
210,191,summer.fi-pro,Summer.fi Pro,https://defillama.com/protocol/summer.fi-pro,CDP Manager,Ethereum|Arbitrum|Optimism|Base,16572831.16,UPGRADE-OLD-DEPLOYMENT-LIVE-AUTHORITY,40.0,40.0,12.344,0.7219,0.8906,1.2,L1_ADAPTER,still_holds_value_or_authority,prior_version_still_callable|unmaintained_or_differing_code_path|not_paused,paused_and_drained|approvals_revoked,,PRIOR_ART_SEARCH_INCOMPLETE,NO,True,,READ
211,202,btngroup,BtnGroup,https://defillama.com/protocol/btngroup,Yield,Secret,164612.76,ORACLE-VAULT-SHARE-RATE-AS-SPOT-PRICE,40.0,59.0,11.249,0.5216,0.9138,1.0,L1_ADAPTER,single_or_undeclared_oracle,value_decision_reads_configured_feed|feed_selection_is_configuration|failure_path_returns_usable_number|live_positions_exposed,staleness_check_reverts|deviation_bound_vs_independent_source|caps_sized_to_venue_depth,,PRIOR_ART_SEARCH_INCOMPLETE,NO,False,,READ_VIA_REGISTRY
212,96,sentora,Sentora,https://defillama.com/protocol/sentora,Risk Curators,Ethereum|Ink|Solana|Tempo,2417461030.79,ACC-ZERO-SUPPLY-INFLATION,32.5,62.0,17.615,0.9383,0.8873,1.05,L2_DEPLOYMENT,permissionless_market_or_vault_creation,share_formula_has_zero_branch|dust_or_zero_supply_markets_live,virtual_shares_or_dead_shares,,PRIOR_ART_SEARCH_INCOMPLETE,NO,False,,READ
213,211,coinbase-bridge,Coinbase Bridge,https://defillama.com/protocol/coinbase-bridge,Bridge,Bitcoin|Ripple|Doge|Cardano|Litecoin,7543184703.6,UPGRADE-INITIALIZER-REACHABLE-LIVE,30.0,40.0,9.849,0.9878,0.8309,1.0,L1_ADAPTER,,prior_version_still_callable|upgradeable_architecture|initializer_flag_unset|live_value_or_approvals,initializer_consumed|upgrade_timelocked,,PRIOR_ART_SEARCH_INCOMPLETE,NO,False,,READ
214,212,layerzero-v2,LayerZero V2,https://defillama.com/protocol/layerzero-v2,Bridge,Ethereum|Arbitrum|Base|Polygon|Plasma|Flare,6966756164.32,UPGRADE-INITIALIZER-REACHABLE-LIVE,30.0,40.0,9.814,0.9843,0.8309,1.0,L1_ADAPTER,,prior_version_still_callable|upgradeable_architecture|initializer_flag_unset|live_value_or_approvals,initializer_consumed|upgrade_timelocked,,PRIOR_ART_SEARCH_INCOMPLETE,NO,False,,READ
215,226,summer.fi-pro,Summer.fi Pro,https://defillama.com/protocol/summer.fi-pro,CDP Manager,Ethereum|Arbitrum|Optimism|Base,16572831.16,UPGRADE-INITIALIZER-REACHABLE-LIVE,30.0,40.0,7.198,0.7219,0.8309,1.0,L1_ADAPTER,,prior_version_still_callable|upgradeable_architecture|initializer_flag_unset|live_value_or_approvals,initializer_consumed|upgrade_timelocked,,PRIOR_ART_SEARCH_INCOMPLETE,NO,True,,READ
216,201,sentora,Sentora,https://defillama.com/protocol/sentora,Risk Curators,Ethereum|Ink|Solana|Tempo,2417461030.79,ACC-NAV-SHAREPRICE-MANIPULABLE,20.0,62.0,11.265,0.9383,0.9221,1.05,L2_DEPLOYMENT,,multi_component_totalAssets|component_valuation_externally_influenceable|live_pooled_depositor_value|deposit_and_redeem_reachable,per_block_share_price_cap|component_valuation_deviation_bound,,PRIOR_ART_SEARCH_INCOMPLETE,NO,False,,READ
217,204,gauntlet,Gauntlet,https://defillama.com/protocol/gauntlet,Risk Curators,Base|Binance|Ethereum|Morph|Stable|Solana,1508509955.51,ACC-NAV-SHAREPRICE-MANIPULABLE,20.0,62.0,11.02,0.9179,0.9221,1.05,L2_DEPLOYMENT,,multi_component_totalAssets|component_valuation_externally_influenceable|live_pooled_depositor_value|deposit_and_redeem_reachable,per_block_share_price_cap|component_valuation_deviation_bound,,PRIOR_ART_SEARCH_INCOMPLETE,NO,False,,READ
218,205,steakhouse-financial,Steakhouse Financial,https://defillama.com/protocol/steakhouse-financial,Risk Curators,Base|Ethereum|Robinhood Chain|Solana|Monad|Arbitrum,2981071162.67,ACC-ZERO-SUPPLY-INFLATION,20.0,62.0,10.945,0.9474,0.8873,1.05,L2_DEPLOYMENT,,share_formula_has_zero_branch|permissionless_market_or_vault_creation|dust_or_zero_supply_markets_live,virtual_shares_or_dead_shares,,PRIOR_ART_SEARCH_INCOMPLETE,NO,False,,READ_VIA_REGISTRY
219,208,gauntlet,Gauntlet,https://defillama.com/protocol/gauntlet,Risk Curators,Base|Binance|Ethereum|Morph|Stable|Solana,1508509955.51,ACC-ZERO-SUPPLY-INFLATION,20.0,62.0,10.604,0.9179,0.8873,1.05,L2_DEPLOYMENT,,share_formula_has_zero_branch|permissionless_market_or_vault_creation|dust_or_zero_supply_markets_live,virtual_shares_or_dead_shares,,PRIOR_ART_SEARCH_INCOMPLETE,NO,False,,READ
220,209,k3-capital,K3 Capital,https://defillama.com/protocol/k3-capital,Risk Curators,Monad|Ethereum|Optimism|Plasma|Arbitrum|Binance,421516058.38,ACC-ZERO-SUPPLY-INFLATION,20.0,62.0,9.964,0.8625,0.8873,1.05,L2_DEPLOYMENT,,share_formula_has_zero_branch|permissionless_market_or_vault_creation|dust_or_zero_supply_markets_live,virtual_shares_or_dead_shares,,PRIOR_ART_SEARCH_INCOMPLETE,NO,False,,READ
221,210,rockawayx,RockawayX,https://defillama.com/protocol/rockawayx,Risk Curators,Ethereum|Solana|Sei|Pharos|Binance|Etherlink,193301703.37,ACC-NAV-SHAREPRICE-MANIPULABLE,20.0,62.0,9.948,0.8286,0.9221,1.05,L2_DEPLOYMENT,,multi_component_totalAssets|component_valuation_externally_influenceable|live_pooled_depositor_value|deposit_and_redeem_reachable,per_block_share_price_cap|component_valuation_deviation_bound,,PRIOR_ART_SEARCH_INCOMPLETE,NO,False,,READ
222,218,yearn-curating,Yearn Curating,https://defillama.com/protocol/yearn-curating,Risk Curators,Ethereum|Base|Hyperliquid L1|Katana|Arbitrum,46318402.82,ACC-ZERO-SUPPLY-INFLATION,20.0,62.0,8.856,0.7666,0.8873,1.05,L2_DEPLOYMENT,,share_formula_has_zero_branch|permissionless_market_or_vault_creation|dust_or_zero_supply_markets_live,virtual_shares_or_dead_shares,,PRIOR_ART_SEARCH_INCOMPLETE,NO,False,,READ_VIA_REGISTRY
223,221,mev-capital,MEV Capital,https://defillama.com/protocol/mev-capital,Risk Curators,Ethereum|Hyperliquid L1|Sui|Base|Avalanche|Arbitrum,11952318.89,ACC-NAV-SHAREPRICE-MANIPULABLE,20.0,62.0,8.496,0.7077,0.9221,1.05,L2_DEPLOYMENT,,multi_component_totalAssets|component_valuation_externally_influenceable|live_pooled_depositor_value|deposit_and_redeem_reachable,per_block_share_price_cap|component_valuation_deviation_bound,,PRIOR_ART_SEARCH_INCOMPLETE,NO,False,,READ
224,222,tau-labs,TAU Labs,https://defillama.com/protocol/tau-labs,Risk Curators,Base|Ethereum|Plasma|Flow,8297367.12,ACC-NAV-SHAREPRICE-MANIPULABLE,20.0,62.0,8.307,0.6919,0.9221,1.05,L2_DEPLOYMENT,,multi_component_totalAssets|component_valuation_externally_influenceable|live_pooled_depositor_value|deposit_and_redeem_reachable,per_block_share_price_cap|component_valuation_deviation_bound,,PRIOR_ART_SEARCH_INCOMPLETE,NO,False,,READ_VIA_REGISTRY
225,224,gmd-protocol,GMD Protocol,https://defillama.com/protocol/gmd-protocol,Yield Aggregator,Arbitrum|Avalanche,971646.49,ACC-NAV-SHAREPRICE-MANIPULABLE,20.0,62.0,7.261,0.6048,0.9221,1.05,L2_DEPLOYMENT,,multi_component_totalAssets|component_valuation_externally_influenceable|live_pooled_depositor_value|deposit_and_redeem_reachable,per_block_share_price_cap|component_valuation_deviation_bound,,PRIOR_ART_SEARCH_INCOMPLETE,NO,False,,READ
226,225,guru-network-classic,Guru Network Classic,https://defillama.com/protocol/guru-network-classic,Yield,Binance|Sonic|MultiVAC|Fantom|Arbitrum|Kucoin,1888996.3,ACC-ZERO-SUPPLY-INFLATION,20.0,62.0,7.25,0.6276,0.8873,1.05,L2_DEPLOYMENT,,share_formula_has_zero_branch|permissionless_market_or_vault_creation|dust_or_zero_supply_markets_live,virtual_shares_or_dead_shares,,PRIOR_ART_SEARCH_INCOMPLETE,NO,False,,READ
227,227,maxshot,MaxShot,https://defillama.com/protocol/maxshot,Onchain Capital Allocator,Ethereum|Base|Arbitrum|Plasma|Optimism,165699.81,ACC-NAV-SHAREPRICE-MANIPULABLE,20.0,62.0,6.266,0.5219,0.9221,1.05,L2_DEPLOYMENT,,multi_component_totalAssets|component_valuation_externally_influenceable|live_pooled_depositor_value|deposit_and_redeem_reachable,per_block_share_price_cap|component_valuation_deviation_bound,,PRIOR_ART_SEARCH_INCOMPLETE,NO,False,,READ
228,228,feather,Feather,https://defillama.com/protocol/feather,Risk Curators,Sei|Celo|MegaETH|Klaytn|Polygon|Ethereum,13652853.85,ACC-ZERO-SUPPLY-INFLATION,20.0,46.0,6.116,0.7135,0.8873,1.05,L1_ADAPTER,,share_formula_has_zero_branch|permissionless_market_or_vault_creation|dust_or_zero_supply_markets_live,virtual_shares_or_dead_shares,,PRIOR_ART_SEARCH_INCOMPLETE,NO,False,,READ_VIA_REGISTRY
229,229,tarot,Tarot,https://defillama.com/protocol/tarot,Lending,Base|Optimism|Fantom|Binance|Linea|Avalanche,583968.6,ACC-ZERO-SUPPLY-INFLATION,20.0,46.0,4.995,0.5827,0.8873,1.05,L1_ADAPTER,,share_formula_has_zero_branch|permissionless_market_or_vault_creation|dust_or_zero_supply_markets_live,virtual_shares_or_dead_shares,,PRIOR_ART_SEARCH_INCOMPLETE,NO,False,Impermax V2,READ
230,230,avault,Avault,https://defillama.com/protocol/avault,Yield Aggregator,Astar,4630.56,ACC-ZERO-SUPPLY-INFLATION,20.0,40.0,2.732,0.3666,0.8873,1.05,L1_ADAPTER,,share_formula_has_zero_branch|permissionless_market_or_vault_creation|dust_or_zero_supply_markets_live,virtual_shares_or_dead_shares,,PRIOR_ART_SEARCH_INCOMPLETE,NO,False,,READ
